Index,Percentage Difference (%),Matlab,Python
0,0.0,(0.1+0j),(0.1+0j)
1,0.0,(0.09+0j),(0.09+0j)
2,0.0,(0.08+0j),(0.08+0j)
3,0.0,(0.07+0j),(0.07+0j)
4,0.0,(0.06+0j),(0.06+0j)
5,0.0,(0.05+0j),(0.05+0j)
6,1.7347234759768074e-14,(0.04+0j),(0.039999999999999994+0j)
7,0.0,(0.03+0j),(0.03+0j)
8,1.7347234759768068e-14,(0.02+0j),(0.020000000000000004+0j)
9,0.0,(0.01+0j),(0.01+0j)
10,1.4379134584729266e-08,(-6.203978451+0j),(-6.203978451892079+0j)
11,1.9693150611438728e-08,(-14.30401465+0j),(-14.30401465281691+0j)
12,1.2141067807045222e-08,(-31.61414693+0j),(-31.614146926161705+0j)
13,1.0802010942369357e-08,(-6.137083015+0j),(-6.137083015662928+0j)
14,2.7997100678223756e-08,(-14.46239986+0j),(-14.462399855950947+0j)
15,1.1810993416863033e-08,(-31.61414605+0j),(-31.614146053733943+0j)
16,6.597509218993357e-09,(-6.058761709+0j),(-6.058761709399727+0j)
17,1.3899081348447256e-08,(-14.64949678+0j),(-14.649496777963854+0j)
18,1.1114411612712739e-08,(-31.61414496+0j),(-31.614144963513727+0j)
19,7.0219893205217e-09,(-5.965552648+0j),(-5.9655526484189005+0j)
20,2.3392992298457817e-08,(-14.87441352+0j),(-14.87441352347957+0j)
21,7.321609113131285e-09,(-31.61414356+0j),(-31.614143562314663+0j)
22,8.198969528452521e-10,(-5.852314828+0j),(-5.852314828047983+0j)
23,5.417994713260842e-10,(-15.15085013+0j),(-15.150850129917913+0j)
24,1.564864806476966e-08,(-31.61414169+0j),(-31.614141694947186+0j)
25,6.207627797999215e-10,(-5.710980551+0j),(-5.710980551035451+0j)
26,1.7933488280712253e-08,(-15.50064641+0j),(-15.500646407220193+0j)
27,7.4424495323397195e-09,(-31.61413908+0j),(-31.614139082352867+0j)
28,5.1635126803663314e-09,(-5.527901574+0j),(-5.527901574285434+0j)
29,1.160731816451867e-09,(-15.96152212+0j),(-15.96152211981473+0j)
30,8.78449483767933e-09,(-31.61413517+0j),(-31.61413516722286+0j)
31,1.0703712475209763e-08,(-5.277327188+0j),(-5.27732718856487+0j)
32,6.965204884768644e-09,(-16.60682843+0j),(-16.6068284288433+0j)
33,6.373338325709863e-09,(-31.61412865+0j),(-31.614128652014877+0j)
34,2.3422111227505e-09,(-4.901339771+0j),(-4.9013397711148+0j)
35,1.54792785555807e-08,(-17.61027754+0j),(-17.610277542725942+0j)
36,3.1765508830783154e-09,(-31.61411566+0j),(-31.61411565899576+0j)
37,8.275658632558106e-09,(-4.215737399+0j),(-4.21573739865112+0j)
38,6.214417145990711e-09,(-19.59435328+0j),(-19.594353278782325+0j)
39,1.1152149431477697e-08,(-31.61407698+0j),(-31.61407697647435+0j)
40,0.0,(-3.926416156+0j),(-3.926416156+0j)
41,0.0,(-3.606631303+0j),(-3.606631303+0j)
42,3.084636100090049e-08,(-3.241873758+0j),(-3.241873759+0j)
43,0.0,(-2.829921566+0j),(-2.829921566+0j)
44,4.2152408324438034e-08,(-2.372343888+0j),(-2.372343889+0j)
45,0.0,(-1.876487016+0j),(-1.876487016+0j)
46,0.0,(-1.357377954+0j),(-1.357377954+0j)
47,0.0,(-0.840228751+0j),(-0.840228751+0j)
50,0.0,(0.072470736+0j),(0.072470736+0j)
51,0.0,(0.072470348+0j),(0.072470348+0j)
52,0.0,(0.07246996+0j),(0.07246996+0j)
53,0.0,(0.072469572+0j),(0.072469572+0j)
54,0.0,(0.072469183+0j),(0.072469183+0j)
55,0.0,(0.072468795+0j),(0.072468795+0j)
56,0.0,(0.072468407+0j),(0.072468407+0j)
57,0.0,(0.072468019+0j),(0.072468019+0j)
58,0.0,(0.045251894+0j),(0.045251894+0j)
59,0.0,(0.007686134+0j),(0.007686134+0j)
60,0.0,(-590.8186945+0j),(-590.8186945+0j)
61,0.0,(-638.3673798+0j),(-638.3673798+0j)
62,0.0,(-408.9065826+0j),(-408.9065826+0j)
63,0.0,(-22.09670458+0j),(-22.09670458+0j)
64,0.0,(-3.926416156+0j),(-3.926416156+0j)
65,1.6118690459000395e-08,(-6.203978451+0j),(-6.203978452+0j)
66,0.0,(-14.30401465+0j),(-14.30401465+0j)
67,0.0,(-31.61414693+0j),(-31.61414693+0j)
68,4.548492869345447e-09,(8131.07734+0j),(8131.077339630158+0j)
69,2.254073695067549e-09,(7667.225437+0j),(7667.225436827175+0j)
70,1.0550194037443246e-08,(296.5102937+0j),(296.5102937312824+0j)
71,8.845047822355634e-09,(41.2103722+0j),(41.21037220364508+0j)
72,4.101061115020929e-08,(12.10484899+0j),(12.104848985035728+0j)
73,0.0,0j,0j
74,0.0,0j,0j
75,0.0,0j,0j
76,2.0449521440632264e-08,(1294.101151+0j),(1294.1011512646376+0j)
77,5.815197296720765e-09,(1220.276828+0j),(1220.2768280709615+0j)
78,1.0517704265893964e-08,(47.19107892+0j),(47.19107892496342+0j)
79,2.028440007157999e-09,(6.558834443+0j),(6.558834442866958+0j)
80,1.813340818965788e-08,(1.926546551+0j),(1.9265465513493485+0j)
81,0.0,0j,0j
82,0.0,0j,0j
83,0.0,0j,0j
84,0.0,(0.072470736+0j),(0.072470736+0j)
85,0.0,(0.082972153+0j),(0.082972153+0j)
86,8.548310972987014e-09,(0.809560556+0j),(0.8095605559307962+0j)
87,3.738314380777599e-09,(0.472549052+0j),(0.4725490520176654+0j)
88,4.498903944641671e-08,(0.308541613+0j),(0.3085416131388099+0j)
89,0.0,(1+0j),(1+0j)
90,0.0,(1+0j),(1+0j)
91,0.0,(1+0j),(1+0j)
92,0.0,(8+0j),(8+0j)
93,0.0,(9+0j),(9+0j)
94,0.0,(10+0j),(10+0j)
95,0.0,(11+0j),(11+0j)
96,5.677821420566167e-08,(0.18732264+0j),(0.18732264010635846+0j)
97,6.541267919869723e-08,(0.187308262+0j),(0.18730826212252336+0j)
100,0.0,(8+0j),(8+0j)
101,0.0,(9+0j),(9+0j)
102,0.0,(10+0j),(10+0j)
103,0.0,(11+0j),(11+0j)
105,2.817468066126204e-08,(0.203060024+0j),(0.2030600239427885+0j)
107,6.704451119329336e-08,(0.247544322+0j),(0.2475443221659649+0j)
108,0.0,(8+0j),(8+0j)
109,0.0,(9+0j),(9+0j)
110,0.0,(12+0j),(12+0j)
111,0.0,(13+0j),(13+0j)
112,5.7297805975766036e-08,(0.116358323+0j),(0.11635832293332923+0j)
114,8.665220054720897e-09,(0.385239528+0j),(0.38523952796661814+0j)
115,6.870225118723875e-08,(0.386802521+0j),(0.38680252073425797+0j)
116,0.0,(1+0j),(1+0j)
117,0.0,(2+0j),(2+0j)
118,0.0,(6+0j),(6+0j)
119,0.0,(7+0j),(7+0j)
120,2.3100059568340844e-08,(0.483196411+0j),(0.48319641088838133+0j)
121,2.059866570249246e-08,(0.541844412+0j),(0.5418444121116127+0j)
124,0.0,(1+0j),(1+0j)
125,0.0,(2+0j),(2+0j)
126,0.0,(4+0j),(4+0j)
127,0.0,(5+0j),(5+0j)
128,0.0,(6+0j),(6+0j)
129,0.0,(7+0j),(7+0j)
131,1.423995258770092e-08,(0.103659721+0j),(0.10365972101476109+0j)
132,7.303887557308983e-10,(0.48085831+0j),(0.48085831000351215+0j)
135,9.048856798723686e-08,(0.108894401+0j),(0.10889440109853699+0j)
136,0.0,(4+0j),(4+0j)
137,0.0,(5+0j),(5+0j)
138,0.0,(7+0j),(7+0j)
140,8.236259171590677e-09,(1.112660266+0j),(1.1126602660916416+0j)
141,6.34289169636748e-08,(0.36451854+0j),(0.36451854023121016+0j)
142,0.0,(4+0j),(4+0j)
143,0.0,(5+0j),(5+0j)
144,0.0,(6+0j),(6+0j)
145,0.0,(7+0j),(7+0j)
148,4.3426001681968055e-08,(0.306962491+0j),(0.30696249086669847+0j)
149,5.124051828145062e-09,(1.121565249+0j),(1.1215652490574697+0j)
150,0.0,(3+0j),(3+0j)
151,0.0,(6+0j),(6+0j)
152,4.328750924150123e-08,(1.134062281+0j),(1.1340622814909074+0j)
154,0.0,(-590.8154434+0j),(-590.8154434+0j)
155,0.0,(-638.3710776+0j),(-638.3710776+0j)
156,0.0,(-408.5620532+0j),(-408.5620532+0j)
157,4.4024094668685417e-08,(-22.71482776+0j),(-22.71482775+0j)
158,0.0,(-3.606631303+0j),(-3.606631303+0j)
159,1.629438741849737e-08,(-6.137083015+0j),(-6.137083016+0j)
160,0.0,(-14.46239986+0j),(-14.46239986+0j)
161,0.0,(-31.61414605+0j),(-31.61414605+0j)
162,5.998179222503517e-09,(8131.076377+0j),(8131.076377487717+0j)
163,5.965086068552391e-09,(7667.227026+0j),(7667.227026457356+0j)
164,1.4807789108016677e-08,(296.3773157+0j),(296.37731565611307+0j)
165,1.4151686250134554e-08,(38.95393903+0j),(38.95393903551264+0j)
166,9.471967801524082e-09,(11.99654442+0j),(11.996544421136308+0j)
167,0.0,0j,0j
168,0.0,0j,0j
169,0.0,0j,0j
170,1.0425165464342633e-08,(1294.100998+0j),(1294.100998134912+0j)
171,5.610401286206907e-09,(1220.277081+0j),(1220.2770810684624+0j)
172,6.4079411389356285e-09,(47.16991481+0j),(47.16991480697738+0j)
173,6.48698354210682e-09,(6.19971195+0j),(6.1997119504021745+0j)
174,1.8575109648214006e-08,(1.909309345+0j),(1.9093093446453437+0j)
175,0.0,0j,0j
176,0.0,0j,0j
177,0.0,0j,0j
178,0.0,(0.072470348+0j),(0.072470348+0j)
179,0.0,(0.082972613+0j),(0.082972613+0j)
180,4.217859990778762e-08,(0.80945052+0j),(0.8094505203414148+0j)
181,4.635840321009898e-08,(0.503733631+0j),(0.5037336307664771+0j)
182,9.775427458924833e-09,(0.287909412+0j),(0.28790941202814435+0j)
183,0.0,(1+0j),(1+0j)
184,0.0,(1+0j),(1+0j)
185,0.0,(1+0j),(1+0j)
186,0.0,(8+0j),(8+0j)
187,0.0,(9+0j),(9+0j)
188,0.0,(10+0j),(10+0j)
189,0.0,(11+0j),(11+0j)
191,6.60131506023732e-08,(0.187308104+0j),(0.18730810387635202+0j)
193,9.515878517101779e-08,(0.256756761+0j),(0.2567567607556734+0j)
194,0.0,(8+0j),(8+0j)
195,0.0,(9+0j),(9+0j)
196,0.0,(10+0j),(10+0j)
197,0.0,(11+0j),(11+0j)
198,7.634883404660052e-08,(0.203043552+0j),(0.20304355215502137+0j)
200,2.8973817395478442e-08,(0.247540601+0j),(0.24754060092827804+0j)
202,0.0,(8+0j),(8+0j)
203,0.0,(9+0j),(9+0j)
204,0.0,(12+0j),(12+0j)
205,0.0,(13+0j),(13+0j)
207,5.6475420348863644e-08,(0.117528347+0j),(0.11752834706637463+0j)
208,3.579691337237196e-08,(0.385768931+0j),(0.38576893113809335+0j)
209,7.739755977802418e-08,(0.387179823+0j),(0.3871798232996677+0j)
210,0.0,(1+0j),(1+0j)
211,0.0,(2+0j),(2+0j)
212,0.0,(6+0j),(6+0j)
213,0.0,(7+0j),(7+0j)
214,1.553955206463976e-08,(0.470796357+0j),(0.47079635692684035+0j)
215,5.27552280739113e-08,(0.539155263+0j),(0.5391552627155675+0j)
216,4.4261176398277484e-08,(0.243307149+0j),(0.2433071491076906+0j)
218,0.0,(1+0j),(1+0j)
219,0.0,(2+0j),(2+0j)
220,0.0,(4+0j),(4+0j)
221,0.0,(5+0j),(5+0j)
222,0.0,(6+0j),(6+0j)
223,0.0,(7+0j),(7+0j)
226,7.015316631666471e-08,(0.477276155+0j),(0.4772761553348243+0j)
230,0.0,(1+0j),(1+0j)
231,0.0,(4+0j),(4+0j)
232,0.0,(5+0j),(5+0j)
233,0.0,(7+0j),(7+0j)
235,9.027369676385605e-08,(0.241800104+0j),(0.2418001037817181+0j)
236,4.602675247235714e-08,(1.087667903+0j),(1.0876679035006183+0j)
237,2.7167399746329715e-09,(0.346858369+0j),(0.34685836900942324+0j)
238,0.0,(1+0j),(1+0j)
239,0.0,(4+0j),(4+0j)
240,0.0,(5+0j),(5+0j)
241,0.0,(6+0j),(6+0j)
242,0.0,(7+0j),(7+0j)
246,6.27112024168537e-08,(0.31198988+0j),(0.3119898801956526+0j)
247,2.296264819345065e-08,(1.095885191+0j),(1.0958851907483558+0j)
248,0.0,(3+0j),(3+0j)
249,0.0,(6+0j),(6+0j)
250,2.1548172108172173e-08,(1.134055836+0j),(1.1340558362443682+0j)
252,0.0,(-590.8121922+0j),(-590.8121922+0j)
253,0.0,(-638.3747754+0j),(-638.3747754+0j)
254,0.0,(-408.2161569+0j),(-408.2161569+0j)
255,0.0,(-23.3706476+0j),(-23.3706476+0j)
256,3.084636100090049e-08,(-3.241873758+0j),(-3.241873759+0j)
257,0.0,(-6.058761709+0j),(-6.058761709+0j)
258,0.0,(-14.64949678+0j),(-14.64949678+0j)
259,0.0,(-31.61414496+0j),(-31.61414496+0j)
260,4.84020962453668e-09,(8131.075415+0j),(8131.075415393561+0j)
261,5.102365804030295e-10,(7667.228616+0j),(7667.228616039121+0j)
262,2.331149924283379e-09,(296.244651+0j),(296.24465099309407+0j)
263,4.756584462763974e-09,(36.59816431+0j),(36.59816430825918+0j)
264,2.7462364376563976e-08,(11.8372994+0j),(11.837299403250801+0j)
265,0.0,0j,0j
266,0.0,0j,0j
267,0.0,0j,0j
268,9.946383866844128e-10,(1294.100845+0j),(1294.1008450128716+0j)
269,4.774134657546156e-09,(1220.277334+0j),(1220.2773340582578+0j)
270,1.787629341506868e-10,(47.14880057+0j),(47.14880057008428+0j)
271,4.312182336450066e-09,(5.824778758+0j),(5.824778757748825+0j)
272,6.045336526428314e-09,(1.883964713+0j),(1.883964712886108+0j)
273,0.0,0j,0j
274,0.0,0j,0j
275,0.0,0j,0j
276,0.0,(0.07246996+0j),(0.07246996+0j)
277,0.0,(0.082973074+0j),(0.082973074+0j)
278,4.031606415505672e-08,(0.80933907+0j),(0.8093390703262937+0j)
279,6.37863836196038e-08,(0.538200985+0j),(0.5382009846567011+0j)
280,0.0,(0.264142533+0j),(0.264142533+0j)
281,0.0,(1+0j),(1+0j)
282,0.0,(1+0j),(1+0j)
283,0.0,(1+0j),(1+0j)
284,0.0,(8+0j),(8+0j)
285,0.0,(9+0j),(9+0j)
286,0.0,(10+0j),(10+0j)
287,0.0,(11+0j),(11+0j)
290,6.462823490366078e-10,(0.256760044+0j),(0.2567600440016594+0j)
291,5.222338960360633e-08,(0.256757063+0j),(0.25675706286591277+0j)
292,0.0,(8+0j),(8+0j)
293,0.0,(9+0j),(9+0j)
294,0.0,(10+0j),(10+0j)
295,0.0,(11+0j),(11+0j)
299,8.289804169542965e-08,(0.247543731+0j),(0.2475437312052089+0j)
300,0.0,(8+0j),(8+0j)
301,0.0,(9+0j),(9+0j)
302,0.0,(12+0j),(12+0j)
303,0.0,(13+0j),(13+0j)
306,5.742808607910747e-08,(0.386301762+0j),(0.3863017622218457+0j)
307,5.3387250189389507e-08,(0.387559434+0j),(0.38755943379309266+0j)
308,0.0,(1+0j),(1+0j)
309,0.0,(2+0j),(2+0j)
310,0.0,(6+0j),(6+0j)
311,0.0,(7+0j),(7+0j)
312,3.3460222543742397e-09,(0.454357244+0j),(0.4543572440152029+0j)
313,8.942940209685173e-08,(0.53397218+0j),(0.5339721804775281+0j)
314,0.0,(0.2568558+0j),(0.2568558+0j)
316,0.0,(1+0j),(1+0j)
317,0.0,(2+0j),(2+0j)
318,0.0,(4+0j),(4+0j)
319,0.0,(5+0j),(5+0j)
320,0.0,(6+0j),(6+0j)
321,0.0,(7+0j),(7+0j)
322,9.187941194489473e-08,(0.281723977+0j),(0.2817239767411537+0j)
324,7.987720074558931e-08,(0.471739773+0j),(0.4717397733768125+0j)
328,0.0,(1+0j),(1+0j)
329,0.0,(4+0j),(4+0j)
330,0.0,(5+0j),(5+0j)
331,0.0,(7+0j),(7+0j)
333,4.1320220255558283e-08,(0.243440626+0j),(0.2434406258994098+0j)
334,1.582854510800053e-08,(1.059706032+0j),(1.059706031832264+0j)
336,0.0,(1+0j),(1+0j)
337,0.0,(4+0j),(4+0j)
338,0.0,(5+0j),(5+0j)
339,0.0,(6+0j),(6+0j)
340,0.0,(7+0j),(7+0j)
344,2.831142359383504e-08,(0.317604287+0j),(0.3176042869100817+0j)
345,3.822402780762169e-08,(1.067158119+0j),(1.0671581194079107+0j)
346,0.0,(3+0j),(3+0j)
347,0.0,(6+0j),(6+0j)
348,1.8994567310020428e-08,(1.134047784+0j),(1.1340477837845926+0j)
350,0.0,(-590.8089411+0j),(-590.8089411+0j)
351,0.0,(-638.3784733+0j),(-638.3784733+0j)
352,0.0,(-407.8688846+0j),(-407.8688846+0j)
353,0.0,(-24.06357227+0j),(-24.06357227+0j)
354,0.0,(-2.829921566+0j),(-2.829921566+0j)
355,0.0,(-5.965552648+0j),(-5.965552648+0j)
356,0.0,(-14.87441352+0j),(-14.87441352+0j)
357,0.0,(-31.61414356+0j),(-31.61414356+0j)
358,4.276386809577127e-09,(8131.074453+0j),(8131.074453347716+0j)
359,0.0,(7667.230206+0j),(7667.230206+0j)
360,1.1156664937239722e-08,(296.1123092+0j),(296.11230916696377+0j)
361,7.262283231138321e-09,(34.13338833+0j),(34.13338832752114+0j)
362,3.763004581320986e-08,(11.60713953+0j),(11.607139525632228+0j)
363,0.0,0j,0j
364,0.0,0j,0j
365,0.0,0j,0j
366,0.0,(1294.100692+0j),(1294.100692+0j)
367,3.306416436437794e-09,(1220.277587+0j),(1220.2775870403475+0j)
368,9.077110337075517e-09,(47.12773771+0j),(47.127737714277835+0j)
369,3.678016802751172e-09,(5.432497477+0j),(5.432497476800192+0j)
370,1.8313616647858197e-08,(1.847333631+0j),(1.8473336306616863+0j)
371,0.0,0j,0j
372,0.0,0j,0j
373,0.0,0j,0j
374,0.0,(0.072469572+0j),(0.072469572+0j)
375,0.0,(0.082973534+0j),(0.082973534+0j)
376,7.128822519633854e-10,(0.809226186+0j),(0.8092261860057688+0j)
377,7.274949806606356e-08,(0.576194312+0j),(0.5761943115808216+0j)
378,4.874444987337556e-08,(0.236870219+0j),(0.2368702188845389+0j)
379,0.0,(1+0j),(1+0j)
380,0.0,(1+0j),(1+0j)
381,0.0,(1+0j),(1+0j)
382,0.0,(8+0j),(8+0j)
383,0.0,(9+0j),(9+0j)
384,0.0,(10+0j),(10+0j)
385,0.0,(11+0j),(11+0j)
389,5.6761577825895195e-09,(0.256757365+0j),(0.25675736498542606+0j)
390,0.0,(8+0j),(8+0j)
391,0.0,(9+0j),(9+0j)
392,0.0,(10+0j),(10+0j)
393,0.0,(11+0j),(11+0j)
396,2.175381507817419e-08,(0.247541036+0j),(0.24754103594615037+0j)
398,0.0,(8+0j),(8+0j)
399,0.0,(9+0j),(9+0j)
400,0.0,(12+0j),(12+0j)
401,0.0,(13+0j),(13+0j)
405,1.0096808261137134e-07,(0.38794136+0j),(0.38794135960830306+0j)
406,0.0,(1+0j),(1+0j)
407,0.0,(2+0j),(2+0j)
408,0.0,(6+0j),(6+0j)
409,0.0,(7+0j),(7+0j)
410,2.2033409048580993e-08,(0.433052508+0j),(0.43305250790458377+0j)
411,1.1505131963884651e-08,(0.525569981+0j),(0.5255699810604675+0j)
412,3.395927853590968e-08,(0.27052061+0j),(0.27052061009186684+0j)
413,7.48954186181197e-08,(0.119920334+0j),(0.11992033391018517+0j)
414,0.0,(1+0j),(1+0j)
415,0.0,(2+0j),(2+0j)
416,0.0,(4+0j),(4+0j)
417,0.0,(5+0j),(5+0j)
418,0.0,(6+0j),(6+0j)
419,0.0,(7+0j),(7+0j)
422,1.98395543826279e-08,(0.463717669+0j),(0.4637176689080005+0j)
424,5.680321881834576e-08,(0.278399034+0j),(0.2783990341581396+0j)
426,0.0,(1+0j),(1+0j)
427,0.0,(4+0j),(4+0j)
428,0.0,(5+0j),(5+0j)
429,0.0,(7+0j),(7+0j)
432,2.844092346493391e-08,(1.028126046+0j),(1.0281260457075914+0j)
433,1.8488421453870725e-08,(0.305687789+0j),(0.30568778894348314+0j)
434,0.0,(1+0j),(1+0j)
435,0.0,(2+0j),(2+0j)
436,0.0,(4+0j),(4+0j)
437,0.0,(5+0j),(5+0j)
438,0.0,(6+0j),(6+0j)
439,0.0,(7+0j),(7+0j)
440,1.0106578043867456e-07,(0.111352414+0j),(0.11135241411253918+0j)
442,4.708591002387515e-08,(0.10142638+0j),(0.10142638004775753+0j)
444,7.893717512454582e-08,(0.323885263+0j),(0.32388526325566586+0j)
445,4.979482779136639e-08,(1.034748828+0j),(1.0347488285152513+0j)
446,0.0,(3+0j),(3+0j)
447,0.0,(6+0j),(6+0j)
448,2.7199154974013103e-08,(1.134037437+0j),(1.1340374373084485+0j)
449,4.235648913984109e-08,(0.131380859+0j),(0.1313808590556483+0j)
450,0.0,(-590.8056899+0j),(-590.8056899+0j)
451,0.0,(-638.3821712+0j),(-638.3821712+0j)
452,0.0,(-407.5202269+0j),(-407.5202269+0j)
453,0.0,(-24.78776248+0j),(-24.78776248+0j)
454,4.2152408324438034e-08,(-2.372343888+0j),(-2.372343889+0j)
455,0.0,(-5.852314828+0j),(-5.852314828+0j)
456,0.0,(-15.15085013+0j),(-15.15085013+0j)
457,0.0,(-31.61414169+0j),(-31.61414169+0j)
458,4.306722173937978e-09,(8131.073491+0j),(8131.073491350183+0j)
459,7.483443018893892e-10,(7667.231795+0j),(7667.231795057377+0j)
460,6.404912827946783e-11,(295.9802998+0j),(295.98029979981044+0j)
461,1.4080940002244197e-08,(31.54478034+0j),(31.544780335558197+0j)
462,4.31483641417096e-08,(11.28001775+0j),(11.280017745132858+0j)
463,0.0,0j,0j
464,0.0,0j,0j
465,0.0,0j,0j
466,1.6083979448704425e-08,(1294.100539+0j),(1294.1005387918572+0j)
467,1.2068929896916062e-09,(1220.27784+0j),(1220.2778400147274+0j)
468,2.03994684449056e-09,(47.10672777+0j),(47.10672777096095+0j)
469,3.0296558754284254e-09,(5.020507719+0j),(5.020507719152104+0j)
470,1.683253820764963e-08,(1.795270582+0j),(1.7952705823021895+0j)
471,0.0,0j,0j
472,0.0,0j,0j
473,0.0,0j,0j
474,0.0,(0.072469183+0j),(0.072469183+0j)
475,0.0,(0.082973994+0j),(0.082973994+0j)
476,2.2377712379576002e-08,(0.809111847+0j),(0.8091118471810608+0j)
477,7.599121773429863e-08,(0.617861281+0j),(0.6178612814695204+0j)
479,0.0,(1+0j),(1+0j)
480,0.0,(1+0j),(1+0j)
481,0.0,(1+0j),(1+0j)
482,0.0,(8+0j),(8+0j)
483,0.0,(9+0j),(9+0j)
484,0.0,(10+0j),(10+0j)
485,0.0,(11+0j),(11+0j)
487,6.441331050729761e-08,(0.187307629+0j),(0.18730762912065105+0j)
489,0.0,(0.256757667+0j),(0.256757667+0j)
490,0.0,(8+0j),(8+0j)
491,0.0,(9+0j),(9+0j)
492,0.0,(10+0j),(10+0j)
493,0.0,(11+0j),(11+0j)
494,5.79669931003786e-08,(0.20304398+0j),(0.20304397988230152+0j)
495,1.7147057142327664e-08,(0.203060649+0j),(0.20306064903481894+0j)
497,8.473837706943466e-08,(0.24754314+0j),(0.24754314020976403+0j)
498,0.0,(8+0j),(8+0j)
499,0.0,(9+0j),(9+0j)
500,0.0,(12+0j),(12+0j)
501,0.0,(13+0j),(13+0j)
503,0.0,(0.117877718+0j),(0.117877718+0j)
505,7.657257611939356e-08,(0.388325608+0j),(0.38832560770264907+0j)
506,0.0,(1+0j),(1+0j)
507,0.0,(2+0j),(2+0j)
508,0.0,(6+0j),(6+0j)
509,0.0,(7+0j),(7+0j)
510,7.858316590409177e-08,(0.406256665+0j),(0.40625666531924937+0j)
511,3.1797187974683274e-08,(0.513346536+0j),(0.5133465361632298+0j)
512,4.771863351250715e-08,(0.283727224+0j),(0.28372722386460925+0j)
514,0.0,(1+0j),(1+0j)
515,0.0,(2+0j),(2+0j)
516,0.0,(4+0j),(4+0j)
517,0.0,(5+0j),(5+0j)
518,0.0,(6+0j),(6+0j)
521,5.787136571217038e-09,(0.452789372+0j),(0.45278937202620356+0j)
523,8.809354515824019e-08,(0.247923153+0j),(0.2479231527815957+0j)
524,0.0,(1+0j),(1+0j)
525,0.0,(4+0j),(4+0j)
526,0.0,(5+0j),(5+0j)
527,0.0,(7+0j),(7+0j)
528,0.0,(0.126898476+0j),(0.126898476+0j)
530,8.760595504432884e-09,(0.992038502+0j),(0.9920385020869085+0j)
532,0.0,(1+0j),(1+0j)
533,0.0,(2+0j),(2+0j)
534,0.0,(5+0j),(5+0j)
535,0.0,(6+0j),(6+0j)
536,0.0,(7+0j),(7+0j)
539,7.074098248224291e-08,(0.197696955+0j),(0.19769695486014724+0j)
540,6.337711684815322e-08,(0.330903905+0j),(0.33090390520971735+0j)
541,1.3331563381927777e-08,(0.997807731+0j),(0.9978077311330233+0j)
542,0.0,(3+0j),(3+0j)
543,0.0,(6+0j),(6+0j)
544,2.671117384233451e-08,(1.134023654+0j),(1.134023653697089+0j)
546,0.0,(-590.8024386+0j),(-590.8024386+0j)
547,0.0,(-638.3858691+0j),(-638.3858691+0j)
548,0.0,(-407.1701745+0j),(-407.1701745+0j)
549,0.0,(-25.52899539+0j),(-25.52899539+0j)
550,0.0,(-1.876487016+0j),(-1.876487016+0j)
551,0.0,(-5.710980551+0j),(-5.710980551+0j)
552,0.0,(-15.50064641+0j),(-15.50064641+0j)
553,0.0,(-31.61413908+0j),(-31.61413908+0j)
554,4.931048147189672e-09,(8131.072529+0j),(8131.072529400947+0j)
555,6.44127316521395e-09,(7667.233384+0j),(7667.233384493868+0j)
556,5.1053446017143565e-09,(295.8486327+0j),(295.8486327151041+0j)
557,6.097864787607966e-09,(28.8062836+0j),(28.806283598243432+0j)
558,4.405010366468678e-08,(10.82281066+0j),(10.82281066476746+0j)
559,0.0,0j,0j
560,0.0,0j,0j
561,0.0,0j,0j
562,2.3732227914825133e-08,(1294.100386+0j),(1294.1003856928812+0j)
563,1.5240998968500157e-09,(1220.278093+0j),(1220.2780929814016+0j)
564,7.61894246802114e-09,(47.0857723+0j),(47.08577230358744+0j)
565,5.0727342863435035e-09,(4.584662427+0j),(4.584662426767432+0j)
566,2.5859044714757636e-08,(1.722503815+0j),(1.722503815445423+0j)
567,0.0,0j,0j
568,0.0,0j,0j
569,0.0,0j,0j
570,0.0,(0.072468795+0j),(0.072468795+0j)
571,0.0,(0.082974454+0j),(0.082974454+0j)
572,4.0690079222475855e-08,(0.808996033+0j),(0.8089960333291811+0j)
573,2.6672407979628054e-08,(0.663251542+0j),(0.6632515418230949+0j)
575,0.0,(1+0j),(1+0j)
576,0.0,(1+0j),(1+0j)
577,0.0,(1+0j),(1+0j)
578,0.0,(8+0j),(8+0j)
579,0.0,(9+0j),(9+0j)
580,0.0,(10+0j),(10+0j)
581,0.0,(11+0j),(11+0j)
582,8.420361461292075e-08,(0.187321986+0j),(0.1873219858422681+0j)
583,7.312680101307613e-08,(0.187307471+0j),(0.18730747086302804+0j)
584,1.0510283522268396e-08,(0.256759349+0j),(0.2567593489730139+0j)
585,0.0,(0.256757969+0j),(0.256757969+0j)
586,0.0,(8+0j),(8+0j)
587,0.0,(9+0j),(9+0j)
588,0.0,(10+0j),(10+0j)
589,0.0,(11+0j),(11+0j)
592,1.6185236857074387e-09,(0.247541471+0j),(0.24754147100400653+0j)
594,0.0,(8+0j),(8+0j)
595,0.0,(9+0j),(9+0j)
596,0.0,(12+0j),(12+0j)
597,0.0,(13+0j),(13+0j)
600,5.185053240642943e-10,(0.387921003+0j),(0.3879210029979886+0j)
602,0.0,(1+0j),(1+0j)
603,0.0,(2+0j),(2+0j)
604,0.0,(6+0j),(6+0j)
605,0.0,(7+0j),(7+0j)
607,3.051187151166883e-08,(0.497040667+0j),(0.4970406668483436+0j)
608,6.808835390886997e-08,(0.295921701+0j),(0.29592170079851177+0j)
610,0.0,(1+0j),(1+0j)
611,0.0,(2+0j),(2+0j)
612,0.0,(4+0j),(4+0j)
613,0.0,(5+0j),(5+0j)
614,0.0,(6+0j),(6+0j)
617,7.590741165697874e-08,(0.438819827+0j),(0.4388198266669032+0j)
619,2.956232717117077e-08,(0.213793776+0j),(0.21379377593679758+0j)
620,0.0,(1+0j),(1+0j)
621,0.0,(4+0j),(4+0j)
622,0.0,(5+0j),(5+0j)
623,0.0,(7+0j),(7+0j)
626,3.826321951791269e-08,(0.95016649+0j),(0.9501664896364357+0j)
627,3.6277359836473424e-08,(0.253919262+0j),(0.2539192619078848+0j)
628,0.0,(1+0j),(1+0j)
629,0.0,(2+0j),(2+0j)
630,0.0,(5+0j),(5+0j)
631,0.0,(6+0j),(6+0j)
632,0.0,(7+0j),(7+0j)
635,6.876724033934809e-08,(0.172110606+0j),(0.1721106061183557+0j)
636,7.486645169232505e-08,(0.338685307+0j),(0.3386853067464383+0j)
637,3.273528189181497e-08,(0.955154272+0j),(0.9551542723126725+0j)
638,0.0,(3+0j),(3+0j)
639,0.0,(6+0j),(6+0j)
640,5.100055087205573e-09,(1.134004379+0j),(1.134004379057835+0j)
642,0.0,(-590.7991873+0j),(-590.7991873+0j)
643,0.0,(-638.389567+0j),(-638.389567+0j)
644,0.0,(-406.818718+0j),(-406.818718+0j)
645,0.0,(-26.2602179+0j),(-26.2602179+0j)
646,0.0,(-1.357377954+0j),(-1.357377954+0j)
647,0.0,(-5.527901574+0j),(-5.527901574+0j)
648,0.0,(-15.96152212+0j),(-15.96152212+0j)
649,0.0,(-31.61413517+0j),(-31.61413517+0j)
650,6.148660258158658e-09,(8131.071568+0j),(8131.071567500048+0j)
651,1.5399846302385908e-09,(7667.234974+0j),(7667.234973881926+0j)
652,1.4132499299809706e-08,(295.7173179+0j),(295.71731794179226+0j)
653,5.631713237864592e-10,(25.86888282+0j),(25.868882820145686+0j)
654,3.298964118638722e-08,(10.19301225+0j),(10.193012253362639+0j)
655,0.0,0j,0j
656,0.0,0j,0j
657,0.0,0j,0j
658,3.078597897824904e-08,(1294.100233+0j),(1294.1002326015985+0j)
659,4.886804058631326e-09,(1220.278346+0j),(1220.2783459403674+0j)
660,3.582570224013883e-09,(47.06487291+0j),(47.064872908313866+0j)
661,2.2150310185863975e-09,(4.117160573+0j),(4.117160573091196+0j)
662,7.330640104413394e-09,(1.622268285+0j),(1.6222682851189227+0j)
663,0.0,0j,0j
664,0.0,0j,0j
665,0.0,0j,0j
666,0.0,(0.072468407+0j),(0.072468407+0j)
667,0.0,(0.082974915+0j),(0.082974915+0j)
668,4.972383118764813e-08,(0.808878724+0j),(0.8088787235977946+0j)
669,5.3868824322062984e-08,(0.712394984+0j),(0.7123949843837588+0j)
670,3.1996555195035986e-08,(0.132002207+0j),(0.13200220695776385+0j)
671,0.0,(1+0j),(1+0j)
672,0.0,(1+0j),(1+0j)
673,0.0,(1+0j),(1+0j)
674,0.0,(8+0j),(8+0j)
675,0.0,(9+0j),(9+0j)
676,0.0,(10+0j),(10+0j)
677,0.0,(11+0j),(11+0j)
678,2.086636458387246e-08,(0.187321855+0j),(0.18732185496091275+0j)
682,0.0,(8+0j),(8+0j)
683,0.0,(9+0j),(9+0j)
684,0.0,(10+0j),(10+0j)
685,0.0,(11+0j),(11+0j)
686,4.317215008478694e-08,(0.203044265+0j),(0.20304426508765858+0j)
689,7.256236716248497e-08,(0.247542549+0j),(0.24754254917962273+0j)
690,0.0,(8+0j),(8+0j)
691,0.0,(9+0j),(9+0j)
692,0.0,(12+0j),(12+0j)
693,0.0,(13+0j),(13+0j)
696,4.0597999017038624e-08,(0.388467724+0j),(0.3884677238422899+0j)
697,6.005068429808825e-08,(0.389101096+0j),(0.38910109623365785+0j)
698,0.0,(1+0j),(1+0j)
699,0.0,(2+0j),(2+0j)
700,0.0,(6+0j),(6+0j)
701,0.0,(7+0j),(7+0j)
702,1.5636180208760408e-08,(0.335688067+0j),(0.3356880669475112+0j)
703,7.178503181391688e-08,(0.476888561+0j),(0.4768885606576654+0j)
704,4.127396836211725e-08,(0.306852871+0j),(0.30685287087334967+0j)
706,0.0,(1+0j),(1+0j)
707,0.0,(2+0j),(2+0j)
708,0.0,(4+0j),(4+0j)
709,0.0,(5+0j),(5+0j)
710,0.0,(6+0j),(6+0j)
711,8.287045582734919e-09,(0.350446461+0j),(0.35044646102904164+0j)
713,7.819090487757779e-08,(0.422092992+0j),(0.42209299233003833+0j)
715,1.7943676797905315e-08,(0.176828197+0j),(0.1768281969682705+0j)
716,0.0,(1+0j),(1+0j)
717,0.0,(4+0j),(4+0j)
718,0.0,(5+0j),(5+0j)
719,0.0,(7+0j),(7+0j)
722,1.0455590273143875e-08,(0.900555065+0j),(0.9005550650941584+0j)
724,0.0,(1+0j),(1+0j)
725,0.0,(2+0j),(2+0j)
726,0.0,(5+0j),(5+0j)
727,0.0,(6+0j),(6+0j)
728,0.0,(7+0j),(7+0j)
731,3.2020351598003316e-08,(0.14385491+0j),(0.14385491004606285+0j)
732,3.142600486504113e-08,(0.347096376+0j),(0.34709637589092146+0j)
733,1.3076376521695468e-08,(0.905053628+0j),(0.9050536278816518+0j)
734,0.0,(3+0j),(3+0j)
735,0.0,(6+0j),(6+0j)
736,4.079462581211733e-09,(1.133975516+0j),(1.1339755160462601+0j)
738,0.0,(-590.795936+0j),(-590.795936+0j)
739,0.0,(-638.393265+0j),(-638.393265+0j)
740,0.0,(-406.4658479+0j),(-406.4658479+0j)
741,0.0,(-26.93242781+0j),(-26.93242781+0j)
742,0.0,(-0.840228751+0j),(-0.840228751+0j)
743,1.8948987755004173e-08,(-5.277327188+0j),(-5.277327189+0j)
744,0.0,(-16.60682843+0j),(-16.60682843+0j)
745,0.0,(-31.61412865+0j),(-31.61412865+0j)
746,4.335906472734906e-09,(8131.070606+0j),(8131.070605647445+0j)
747,2.8895345873323074e-09,(7667.236563+0j),(7667.236563221548+0j)
748,6.250333728002774e-09,(295.5863657+0j),(295.5863657184751+0j)
749,4.391676397596063e-09,(22.63622347+0j),(22.63622347099411+0j)
750,3.9803413049756795e-09,(9.331187806+0j),(9.331187805628588+0j)
751,0.0,0j,0j
752,0.0,0j,0j
753,0.0,0j,0j
754,3.724579466871079e-08,(1294.10008+0j),(1294.100079518002+0j)
755,8.881200469867016e-09,(1220.278599+0j),(1220.2785988916246+0j)
756,9.91427276023965e-09,(47.04403121+0j),(47.044031214664074+0j)
757,9.478896314843697e-09,(3.602666858+0j),(3.602666858341493+0j)
758,1.2430481739915138e-08,(1.485104664+0j),(1.4851046641846057+0j)
759,0.0,0j,0j
760,0.0,0j,0j
761,0.0,0j,0j
762,0.0,(0.072468019+0j),(0.072468019+0j)
763,0.0,(0.082975375+0j),(0.082975375+0j)
764,2.4725404055576116e-08,(0.808759897+0j),(0.8087598968000308+0j)
765,2.8615074260911343e-08,(0.765523075+0j),(0.7655230747809451+0j)
766,0.0,(0.089682364+0j),(0.089682364+0j)
767,0.0,(1+0j),(1+0j)
768,0.0,(1+0j),(1+0j)
769,0.0,(1+0j),(1+0j)
770,0.0,(8+0j),(8+0j)
771,0.0,(9+0j),(9+0j)
772,0.0,(10+0j),(10+0j)
773,0.0,(11+0j),(11+0j)
774,3.739873812989627e-08,(0.187321724+0j),(0.18732172407005596+0j)
778,0.0,(8+0j),(8+0j)
779,0.0,(9+0j),(9+0j)
780,0.0,(10+0j),(10+0j)
781,0.0,(11+0j),(11+0j)
783,5.687199036005848e-08,(0.203061118+0j),(0.2030611178845151+0j)
784,4.1139873326969454e-08,(0.247541906+0j),(0.24754190610183843+0j)
786,0.0,(8+0j),(8+0j)
787,0.0,(9+0j),(9+0j)
788,0.0,(12+0j),(12+0j)
789,0.0,(13+0j),(13+0j)
792,9.746664573843801e-08,(0.38901796+0j),(0.38901795962083724+0j)
793,4.7775958863472616e-08,(0.389492348+0j),(0.3894923481860837+0j)
794,0.0,(1+0j),(1+0j)
795,0.0,(2+0j),(2+0j)
796,0.0,(6+0j),(6+0j)
797,0.0,(7+0j),(7+0j)
799,3.761317300615553e-08,(0.453584957+0j),(0.4535849571706077+0j)
800,9.830452893417905e-08,(0.31704171+0j),(0.3170417096883336+0j)
801,5.132388034292677e-08,(0.149159473+0j),(0.14915947307655442+0j)
802,0.0,(1+0j),(1+0j)
803,0.0,(2+0j),(2+0j)
804,0.0,(4+0j),(4+0j)
805,0.0,(5+0j),(5+0j)
806,0.0,(6+0j),(6+0j)
807,2.2828124527896345e-08,(0.360134289+0j),(0.3601342889177881+0j)
809,4.663104466772536e-08,(0.40332537+0j),(0.40332537018807485+0j)
812,0.0,(1+0j),(1+0j)
813,0.0,(4+0j),(4+0j)
814,0.0,(5+0j),(5+0j)
815,0.0,(7+0j),(7+0j)
817,5.4775420689629014e-08,(0.257462441+0j),(0.2574624411410261+0j)
818,0.0,(0.839906257+0j),(0.839906257+0j)
820,0.0,(1+0j),(1+0j)
821,0.0,(2+0j),(2+0j)
822,0.0,(5+0j),(5+0j)
823,0.0,(6+0j),(6+0j)
824,0.0,(7+0j),(7+0j)
825,1.0740112265953347e-08,(0.13647615+0j),(0.13647615001465768+0j)
828,6.857768943987696e-08,(0.355465629+0j),(0.3554656292437701+0j)
829,3.813335051681459e-08,(0.844711158+0j),(0.8447111576778833+0j)
830,0.0,(3+0j),(3+0j)
831,0.0,(6+0j),(6+0j)
832,1.6323142458369473e-08,(1.133927541+0j),(1.1339275411850926+0j)
834,0.0,(-590.7926847+0j),(-590.7926847+0j)
835,0.0,(-638.396963+0j),(-638.396963+0j)
836,0.0,(-406.1115547+0j),(-406.1115547+0j)
837,0.0,(-27.44424279+0j),(-27.44424279+0j)
839,0.0,(-4.901339771+0j),(-4.901339771+0j)
840,0.0,(-17.61027754+0j),(-17.61027754+0j)
841,0.0,(-31.61411566+0j),(-31.61411566+0j)
842,1.928870624844266e-09,(8131.069644+0j),(8131.069643843162+0j)
843,6.355174108856699e-09,(7667.238153+0j),(7667.238152512734+0j)
844,7.964656512182074e-10,(295.4557865+0j),(295.4557864976468+0j)
845,1.484192726432255e-08,(18.90054376+0j),(18.900543757194797+0j)
846,2.3198135990235546e-09,(8.135755457+0j),(8.135755456811266+0j)
847,0.0,0j,0j
848,0.0,0j,0j
849,0.0,0j,0j
850,3.41624354698875e-08,(1294.099926+0j),(1294.0999264420961+0j)
851,1.3507326003582441e-08,(1220.278852+0j),(1220.2788518351729+0j)
852,8.072277611348386e-09,(47.02324889+0j),(47.02324888620415+0j)
853,2.733125848423711e-09,(3.008114966+0j),(3.0081149660822155+0j)
854,2.0205191613714998e-08,(1.294845697+0j),(1.294845696738374+0j)
855,0.0,0j,0j
856,0.0,0j,0j
857,0.0,0j,0j
858,0.0,(0.072467631+0j),(0.072467631+0j)
859,0.0,(0.082975835+0j),(0.082975835+0j)
860,5.060988311450594e-08,(0.808639531+0j),(0.8086395314092515+0j)
861,4.9205087301866205e-08,(0.823584564+0j),(0.8235845644052455+0j)
862,0.0,(0.045251894+0j),(0.045251894+0j)
863,0.0,(1+0j),(1+0j)
864,0.0,(1+0j),(1+0j)
865,0.0,(1+0j),(1+0j)
866,0.0,(8+0j),(8+0j)
867,0.0,(9+0j),(9+0j)
868,0.0,(10+0j),(10+0j)
869,0.0,(11+0j),(11+0j)
870,9.05850152134371e-08,(0.187321593+0j),(0.1873215931696853+0j)
871,3.8980842421827284e-08,(0.187306996+0j),(0.18730699607301385+0j)
872,5.5419860046544696e-08,(0.256758654+0j),(0.2567586538577047+0j)
874,0.0,(8+0j),(8+0j)
875,0.0,(9+0j),(9+0j)
876,0.0,(10+0j),(10+0j)
877,0.0,(11+0j),(11+0j)
879,8.548533800148248e-08,(0.203061274+0j),(0.20306127417358763+0j)
881,4.637573085204948e-08,(0.247541958+0j),(0.2475419581147994+0j)
882,0.0,(8+0j),(8+0j)
883,0.0,(9+0j),(9+0j)
884,0.0,(12+0j),(12+0j)
885,0.0,(13+0j),(13+0j)
888,0.0,(0.389571726+0j),(0.389571726+0j)
889,1.0189794342115405e-07,(0.389885945+0j),(0.38988594539728577+0j)
890,0.0,(1+0j),(1+0j)
891,0.0,(2+0j),(2+0j)
892,0.0,(6+0j),(6+0j)
893,0.0,(7+0j),(7+0j)
896,4.295530479772251e-08,(0.329092013+0j),(0.3290920131413625+0j)
898,0.0,(1+0j),(1+0j)
899,0.0,(4+0j),(4+0j)
900,0.0,(5+0j),(5+0j)
901,1.932260444715415e-08,(0.364044026+0j),(0.36404402592965723+0j)
902,7.125048597405491e-08,(0.383685396+0j),(0.3836853962733777+0j)
904,0.0,(1+0j),(1+0j)
905,0.0,(4+0j),(4+0j)
906,0.0,(5+0j),(5+0j)
907,0.0,(7+0j),(7+0j)
909,0.0,(0.261784191+0j),(0.261784191+0j)
910,3.778337426022178e-09,(0.761663102+0j),(0.7616631020287782+0j)
912,0.0,(1+0j),(1+0j)
913,0.0,(2+0j),(2+0j)
914,0.0,(6+0j),(6+0j)
915,0.0,(7+0j),(7+0j)
919,0.0,(0.768733269+0j),(0.768733269+0j)
920,0.0,(3+0j),(3+0j)
921,0.0,(6+0j),(6+0j)
922,7.435072121186647e-09,(1.133832077+0j),(1.1338320770843013+0j)
924,0.0,(-590.7894334+0j),(-590.7894334+0j)
925,0.0,(-638.4006611+0j),(-638.4006611+0j)
926,0.0,(-405.755829+0j),(-405.755829+0j)
928,0.0,(-4.215737399+0j),(-4.215737399+0j)
929,0.0,(-27.46996305+0j),(-27.46996305+0j)
930,0.0,(-19.59435328+0j),(-19.59435328+0j)
931,0.0,(-31.61407698+0j),(-31.61407698+0j)
932,1.0724363109754043e-09,(8131.068682+0j),(8131.068682087201+0j)
933,3.1890866898556588e-09,(7667.239742+0j),(7667.239741755485+0j)
934,0.0,(295.325591+0j),(295.325591+0j)
935,2.80267568865183e-09,(6.358958842+0j),(6.358958842178221+0j)
936,0.0,0j,0j
937,3.22320854543612e-08,(14.0822751+0j),(14.082275104539011+0j)
938,0.0,0j,0j
939,0.0,0j,0j
940,2.8891203094768454e-08,(1294.099773+0j),(1294.099773373881+0j)
941,1.8765180266936806e-08,(1220.279105+0j),(1220.2791047710125+0j)
942,2.6158509058407923e-09,(47.00252762+0j),(47.00252762122952+0j)
943,3.4525700732053576e-08,(1.012059733+0j),(1.0120597326505794+0j)
944,0.0,0j,0j
945,5.919838945216021e-09,(2.241263693+0j),(2.241263692867321+0j)
946,0.0,0j,0j
947,0.0,0j,0j
948,0.0,(0.072467242+0j),(0.072467242+0j)
949,0.0,(0.082976295+0j),(0.082976295+0j)
950,5.519028482959598e-08,(0.808517606+0j),(0.8085176055537768+0j)
951,0.0,(0.007686134+0j),(0.007686134+0j)
952,0.0,(1+0j),(1+0j)
953,4.804753233596824e-08,(0.889881715+0j),(0.8898817145724338+0j)
954,0.0,(1+0j),(1+0j)
955,0.0,(1+0j),(1+0j)
956,0.0,(8+0j),(8+0j)
957,0.0,(9+0j),(9+0j)
958,0.0,(10+0j),(10+0j)
959,0.0,(11+0j),(11+0j)
962,5.193489704441467e-08,(0.256758422+0j),(0.2567584221333472+0j)
963,3.998195036439929e-08,(0.256759178+0j),(0.25675917789734265+0j)
964,0.0,(8+0j),(8+0j)
965,0.0,(9+0j),(9+0j)
966,0.0,(10+0j),(10+0j)
967,0.0,(11+0j),(11+0j)
968,1.1606740531031543e-08,(0.203044693+0j),(0.20304469297643313+0j)
970,9.680639251900387e-08,(0.247542341+0j),(0.2475423412396368+0j)
972,0.0,(8+0j),(8+0j)
973,0.0,(9+0j),(9+0j)
974,0.0,(12+0j),(12+0j)
975,0.0,(13+0j),(13+0j)
976,5.252672526564814e-08,(0.118448557+0j),(0.11844855693778285+0j)
978,4.574000350391429e-08,(0.39012904+0j),(0.39012903982155495+0j)
979,6.917028846628554e-08,(0.390281892+0j),(0.39028189226995913+0j)
980,0.0,(1+0j),(1+0j)
981,0.0,(4+0j),(4+0j)
982,0.0,(5+0j),(5+0j)
984,5.9357535524202375e-08,(0.366341769+0j),(0.36634176921745143+0j)
986,0.0,(1+0j),(1+0j)
987,0.0,(4+0j),(4+0j)
988,0.0,(5+0j),(5+0j)
989,6.562708816775477e-09,(0.240191329+0j),(0.24019132901576307+0j)
990,3.187824786278726e-08,(0.263390337+0j),(0.26339033691603575+0j)
991,5.238518470475336e-08,(0.647319308+0j),(0.6473193083390995+0j)
992,0.0,(1+0j),(1+0j)
993,0.0,(2+0j),(2+0j)
994,0.0,(6+0j),(6+0j)
995,0.0,(7+0j),(7+0j)
996,4.933320826042423e-08,(0.186882684+0j),(0.18688268390780477+0j)
997,6.930629793530797e-08,(0.402031373+0j),(0.40203137272136696+0j)
998,3.71757932455681e-08,(0.357576466+0j),(0.35757646613293187+0j)
999,3.5580271577068984e-08,(0.190341417+0j),(0.19034141693227602+0j)
1000,0.0,(1+0j),(1+0j)
1001,0.0,(2+0j),(2+0j)
1002,0.0,(6+0j),(6+0j)
1003,0.0,(7+0j),(7+0j)
1005,1.764023514080853e-08,(0.266545953+0j),(0.26654595304701934+0j)
1007,6.898581471464714e-08,(0.659854634+0j),(0.6598546335447939+0j)
1008,0.0,(3+0j),(3+0j)
1009,0.0,(6+0j),(6+0j)
1010,5.139339194097527e-09,(1.133549521+0j),(1.133549520941743+0j)
1011,2.0430080466431097e-09,(0.131231866+0j),(0.13123186600268108+0j)
1012,0.0,(1+0j),(1+0j)
1013,0.0,(1+0j),(1+0j)
1014,0.0,(1+0j),(1+0j)
1015,0.0,(1+0j),(1+0j)
1016,0.0,(1+0j),(1+0j)
1017,0.0,(1+0j),(1+0j)
1018,0.0,(1+0j),(1+0j)
1019,0.0,(1+0j),(1+0j)
1020,0.0,(1+0j),(1+0j)
1021,0.0,(1+0j),(1+0j)
