Matlab,Python
0+0i,0
0.1+0i,0.1
0.2+0i,0.2
0.3+0i,0.3
0.4+0i,0.4
0.5+0i,0.5
0.6+0i,0.6
0.7+0i,0.7
0.8+0i,0.8
0.9+0i,0.9
-664.310702866181+6821.51511311165i,-664.31070286618+6821.515113111646j
-664.310702866181-6821.51511311165i,-664.31070286618-6821.515113111646j
-717.902500050919+6395.31582341571i,-717.902500050919+6395.315823415712j
-717.902500050919-6395.31582341571i,-717.902500050919-6395.315823415712j
-628.318530717965+0i,-628.3185307179671+0j
-573.387044521821+0i,-573.3870445218201+0j
-266.490052928374+331.627316854269i,-266.4900529283736+331.62731685427025j
-266.490052928374-331.627316854269i,-266.4900529283736-331.62731685427025j
-105.196968653568+0i,-105.19696865356767+0j
-18.5808824960045+23.8881075046672i,-18.580882496004087+23.88810750466678j
-18.5808824960045-23.8881075046672i,-18.580882496004087-23.88810750466678j
-31.6903256531424+0i,-31.690325653142406+0j
-0.309644595597376+6.84832637531372i,-0.3096445955966934+6.848326375314442j
-0.309644595597376-6.84832637531372i,-0.3096445955966934-6.848326375314442j
-6.57013270965709+4.54050901635259i,-6.5701327096574795+4.540509016352487j
-6.57013270965709-4.54050901635259i,-6.5701327096574795-4.540509016352487j
-3.08710590194758+3.57913886845581i,-3.0871059019481253+3.5791388684556855j
-3.08710590194758-3.57913886845581i,-3.0871059019481253-3.5791388684556855j
-0.592309481720335+0i,-0.5923094817203306+0j
-6.13538764475689+0i,-6.135387644756379+0j
-664.311678133276+6821.52444042228i,-664.3116781332733+6821.5244404222385j
-664.311678133276-6821.52444042228i,-664.3116781332733-6821.5244404222385j
-717.90058865288+6395.30586560443i,-717.9005886528753+6395.305865604474j
-717.90058865288-6395.30586560443i,-717.9005886528753-6395.305865604474j
-628.318530717967+0i,-628.3185307179647+0j
-573.38704452182+0i,-573.387044521823+0j
-266.510891106493+331.617896783203i,-266.510891106511+331.6178967831369j
-266.510891106493-331.617896783203i,-266.510891106511-331.6178967831369j
-105.196968653567+0i,-105.19696865356683+0j
-18.5377565319974+24.1886822429973i,-18.53775653193319+24.18868224320259j
-18.5377565319974-24.1886822429973i,-18.53775653193319-24.18868224320259j
-31.6975185244406+0i,-31.697518524446863+0j
-0.347020788712732+6.85458722160316i,-0.34702078877698445+6.854587221607594j
-0.347020788712732-6.85458722160316i,-0.34702078877698445-6.854587221607594j
-6.5416296508383+4.53610467415531i,-6.541629650827032+4.536104674190364j
-6.5416296508383-4.53610467415531i,-6.541629650827032-4.536104674190364j
-3.0926456743108+3.56358815976379i,-3.0926456743036006+3.5635881597645005j
-3.0926456743108-3.56358815976379i,-3.0926456743036006-3.5635881597645005j
-0.594212218189811+0i,-0.5942122181894575+0j
-6.14391405733742+0i,-6.143914057340821+0j
-664.311953603692+6821.53387467149i,-664.3119536036859+6821.533874671425j
-664.311953603692-6821.53387467149i,-664.3119536036859-6821.533874671425j
-717.897535011903+6395.2960553934i,-717.8975350118928+6395.296055393473j
-717.897535011903-6395.2960553934i,-717.8975350118928-6395.296055393473j
-628.318530717958+0i,-628.3185307179555+0j
-573.387044521828+0i,-573.3870445218323+0j
-266.533391900084+331.600762785903i,-266.5333919001499+331.6007627857376j
-266.533391900084-331.600762785903i,-266.5333919001499-331.6007627857376j
-105.196968653568+0i,-105.19696865356677+0j
-18.4941139867231+24.487474411125i,-18.49411398646474+24.48747441183149j
-18.4941139867231-24.487474411125i,-18.49411398646474-24.48747441183149j
-31.7053653259026+0i,-31.70536532592543+0j
-0.38410113284965+6.86103706497525i,-0.38410113310909727+6.861037064988212j
-0.38410113284965-6.86103706497525i,-0.38410113310909727-6.861037064988212j
-6.51352901455955+4.53190589431075i,-6.5135290145294835+4.531905894470741j
-6.51352901455955-4.53190589431075i,-6.5135290145294835-4.531905894470741j
-3.09801843562413+3.54789113516303i,-3.0980184355878198+3.5478911351747855j
-3.09801843562413-3.54789113516303i,-3.0980184355878198-3.5478911351747855j
-0.597502723872179+0i,-0.5975027238690439+0j
-6.15191165633444+0i,-6.1519116563431515+0j
-664.311573782708+6821.54336224418i,-664.3115737827075+6821.543362244184j
-664.311573782708-6821.54336224418i,-664.3115737827075-6821.543362244184j
-717.893380087475+6395.28645723583i,-717.8933800874756+6395.286457235836j
-717.893380087475-6395.28645723583i,-717.8933800874756-6395.286457235836j
-628.318530717952+0i,-628.3185307179557+0j
-573.387044521834+0i,-573.3870445218289+0j
-266.557616238642+331.57599431698i,-266.5576162386419+331.57599431697855j
-266.557616238642-331.57599431698i,-266.5576162386419-331.57599431697855j
-105.196968653567+0i,-105.19696865356698+0j
-18.4498882251214+24.784571712963i,-18.44988822511935+24.784571712965413j
-18.4498882251214-24.784571712963i,-18.44988822511935-24.784571712965413j
-31.7138130083103+0i,-31.713813008310286+0j
-0.420906288311655+6.86761622309558i,-0.42090628831296806+6.867616223096913j
-0.420906288311655-6.86761622309558i,-0.42090628831296806-6.867616223096913j
-6.48583386808621+4.52786200130225i,-6.48583386808653+4.527862001301896j
-6.48583386808621-4.52786200130225i,-6.48583386808653-4.527862001301896j
-0.602121944849818+0i,-0.6021219448499128+0j
-3.10319510804339+3.53202875541601i,-3.1031951080433866+3.5320287554164684j
-3.10319510804339-3.53202875541601i,-3.1031951080433866-3.5320287554164684j
-6.15934372703986+0i,-6.159343727039456+0j
-664.310590172362+6821.55285811304i,-664.3105901723616+6821.552858113053j
-664.310590172362-6821.55285811304i,-664.3105901723616-6821.552858113053j
-717.888173887168+6395.27712755966i,-717.8881738871657+6395.2771275596515j
-717.888173887168-6395.27712755966i,-717.8881738871657-6395.2771275596515j
-628.318530717954+0i,-628.3185307179617+0j
-573.387044521832+0i,-573.387044521824+0j
-266.583617699939+331.543675762791i,-266.5836176999403+331.54367576279253j
-266.583617699939-331.543675762791i,-266.5836176999403-331.54367576279253j
-105.196968653568+0i,-105.19696865356619+0j
-18.4050018708368+25.080053953791i,-18.40500187083097+25.080053953800157j
-18.4050018708368-25.080053953791i,-18.40500187083097-25.080053953800157j
-31.7228096563565+0i,-31.722809656356837+0j
-0.457449154956735+6.87427429189242i,-0.4574491549625904+6.874274291892525j
-0.457449154956735-6.87427429189242i,-0.4574491549625904-6.874274291892525j
-6.45854570350368+4.52393127998556i,-6.458545703503497+4.523931279989457j
-6.45854570350368-4.52393127998556i,-6.458545703503497-4.523931279989457j
-0.608004186741874+0i,-0.6080041867414279+0j
-3.10815510420688+3.51598439517766i,-3.1081551042058484+3.5159843951780188j
-3.10815510420688-3.51598439517766i,-3.1081551042058484-3.5159843951780188j
-6.16618484793662+0i,-6.166184847936365+0j
-664.309058838311+6821.56232624283i,-664.3090588383038+6821.562326243092j
-664.309058838311-6821.56232624283i,-664.3090588383038-6821.562326243092j
-717.881972872413+6395.26811394277i,-717.8819728724146+6395.268113942503j
-717.881972872413-6395.26811394277i,-717.8819728724146-6395.268113942503j
-628.318530717952+0i,-628.3185307179572+0j
-573.387044521837+0i,-573.3870445218314+0j
-266.611442254595+331.503893574574i,-266.6114422546468+331.50389357480265j
-266.611442254595-331.503893574574i,-266.6114422546468-331.50389357480265j
-105.196968653566+0i,-105.1969686535673+0j
-18.3593701439296+25.3739935656927i,-18.359370143619525+25.373993566146208j
-18.3593701439296-25.3739935656927i,-18.359370143619525-25.373993566146208j
-31.7323055391838+0i,-31.732305539198844+0j
-0.493736098290497+6.8809704531266i,-0.49373609861623+6.880970453124238j
-0.493736098290497-6.8809704531266i,-0.49373609861623-6.880970453124238j
-6.43166429838858+4.52008092501137i,-6.431664298403391+4.520080925270728j
-6.43166429838858-4.52008092501137i,-6.431664298403391-4.520080925270728j
-0.615079067599209+0i,-0.6150790675769549+0j
-3.11288589445508+3.49974403464107i,-3.1128858943858786+3.4997440346929944j
-3.11288589445508-3.49974403464107i,-3.1128858943858786-3.4997440346929944j
-6.17242046942923+0i,-6.172420469424565+0j
-664.307038143858+6821.57173946057i,-664.3070381437815+6821.571739463603j
-664.307038143858-6821.57173946057i,-664.3070381437815-6821.571739463603j
-717.874837460942+6395.25945488484i,-717.8748374609252+6395.259454881837j
-717.874837460942-6395.25945488484i,-717.8748374609252-6395.259454881837j
-628.318530717957+0i,-628.3185307179567+0j
-573.387044521831+0i,-573.3870445218307+0j
-266.641128469092+331.456733769247i,-266.64112846989474+331.4567337715983j
-266.641128469092-331.456733769247i,-266.64112846989474-331.4567337715983j
-105.196968653567+0i,-105.19696865356622+0j
-18.3129040421518+25.6664562765156i,-18.312904037686117+25.666456284007065j
-18.3129040421518-25.6664562765156i,-18.312904037686117-25.666456284007065j
-31.7422538677243+0i,-31.74225386796375+0j
-0.52976826897988+6.8876731805152i,-0.5297682736222468+6.887673180486453j
-0.52976826897988-6.8876731805152i,-0.5297682736222468-6.887673180486453j
-6.40518771176471+4.51628656324713i,-6.405187711885746+4.516286566809088j
-6.40518771176471-4.51628656324713i,-6.405187711885746-4.516286566809088j
-0.623273360146037+0i,-0.6232733598339631+0j
-3.11738222919035+3.48329629201216i,-3.11738222823955+3.483296292661103j
-3.11738222919035-3.48329629201216i,-3.11738222823955-3.483296292661103j
-6.17804599714689+0i,-6.178045997109966+0j
-664.304586776699+6821.5810789074i,-664.3045867766982+6821.581078907363j
-664.304586776699-6821.5810789074i,-664.3045867766982-6821.581078907363j
-717.866829780537+6395.25118007262i,-717.8668297805352+6395.251180072655j
-717.866829780537-6395.25118007262i,-717.8668297805352-6395.251180072655j
-628.318530717971+0i,-628.3185307179652+0j
-573.387044521816+0i,-573.3870445218234+0j
-266.672708049006+331.40227989054i,-266.67270804900517+331.40227989050555j
-266.672708049006-331.40227989054i,-266.67270804900517-331.40227989050555j
-105.196968653567+0i,-105.19696865356612+0j
-18.2655131719309+25.9575018531871i,-18.265513171946075+25.957501853182873j
-18.2655131719309-25.9575018531871i,-18.265513171946075-25.957501853182873j
-31.7526112765321+0i,-31.752611276532075+0j
-0.565542898944094+6.89435949816227i,-0.5655428989268128+6.894359498162617j
-0.565542898944094-6.89435949816227i,-0.5655428989268128-6.894359498162617j
-6.37911238771795+4.51253146312088i,-6.379112387714985+4.512531463104917j
-6.37911238771795-4.51253146312088i,-6.379112387714985-4.512531463104917j
-0.63251264569732+0i,-0.632512645700146+0j
-3.12164514102901+3.46663233139152i,-3.121645141033519+3.466632331387345j
-3.12164514102901-3.46663233139152i,-3.121645141033519-3.466632331387345j
-6.18306554302353+0i,-6.183065543024372+0j
-664.301762137696+6821.59033320002i,-664.3017621377005+6821.590333199774j
-664.301762137696-6821.59033320002i,-664.3017621377005-6821.590333199774j
-717.858011770135+6395.24331101321i,-717.858011770133+6395.243311013445j
-717.858011770135-6395.24331101321i,-717.858011770133-6395.243311013445j
-628.318530717979+0i,-628.3185307179531+0j
-573.387044521809+0i,-573.3870445218338+0j
-266.706206601817+331.340611460133i,-266.7062066017584+331.34061145992104j
-266.706206601817-331.340611460133i,-266.7062066017584-331.34061145992104j
-105.196968653568+0i,-105.19696865356697+0j
-18.217108111736+26.247184859818i,-18.217108112082485+26.247184859239617j
-18.217108111736-26.247184859818i,-18.217108112082485-26.247184859239617j
-31.7633380672072+0i,-31.763338067189824+0j
-0.60105448944117+6.90101395047506i,-0.6010544890803999+6.901013950480802j
-0.60105448944117-6.90101395047506i,-0.6010544890803999-6.901013950480802j
-6.35343333535504+4.50880554922988i,-6.35343333534189+4.508805548951959j
-6.35343333535504-4.50880554922988i,-6.35343333534189-4.508805548951959j
-0.642722732373967+0i,-0.64272273240439+0j
-3.12568084216897+3.44974568277481i,-3.1256808422441917+3.4497456827237007j
-3.12568084216897-3.44974568277481i,-3.1256808422441917-3.4497456827237007j
-6.18749050069557+0i,-6.187490500698752+0j
-664.298619111749+6821.59949742412i,-664.2986191117902+6821.599497423061j
-664.298619111749-6821.59949742412i,-664.2986191117902-6821.599497423061j
-717.848443669835+6395.23586190833i,-717.8484436698575+6395.235861909354j
-717.848443669835-6395.23586190833i,-717.8484436698575-6395.235861909354j
-628.318530717967+0i,-628.3185307179606+0j
-573.38704452182+0i,-573.3870445218244+0j
-266.741644511449+331.271802899153i,-266.74164451083357+331.2718028986724j
-266.741644511449-331.271802899153i,-266.74164451083357-331.2718028986724j
-105.196968653567+0i,-105.19696865356768+0j
-18.1676022607922+26.5355553848356i,-18.167602263751693+26.535555378864274j
-18.1676022607922-26.5355553848356i,-18.167602263751693-26.535555378864274j
-31.7743982601429+0i,-31.77439825995459+0j
-0.636295839623702+6.90762742739142i,-0.6362958366232376+6.9076274274227j
-0.636295839623702-6.90762742739142i,-0.6362958366232376-6.9076274274227j
-6.32814435481544+4.50510432938877i,-6.32814435481666+4.505104327226603j
-6.32814435481544-4.50510432938877i,-6.32814435481666-4.505104327226603j
-0.653830817515252+0i,-0.653830817719216+0j
-3.12949961222755+3.43263200805631i,-3.1294996128080896+3.4326320077333783j
-3.12949961222755-3.43263200805631i,-3.1294996128080896-3.4326320077333783j
-6.19133807833513+0i,-6.191338078340202+0j
-0.309644595597376+0i,-0.309644596
-0.347020788712732+0i,-0.347020789
-0.38410113284965+0i,-0.384101133
-0.420906288311655+0i,-0.420906288
-0.457449154956735+0i,-0.457449155
-0.493736098290497+0i,-0.493736099
-0.52976826897988+0i,-0.529768274
-0.565542898944094+0i,-0.565542899
-0.60105448944117+0i,-0.601054489
-0.636295839623702+0i,-0.636295837
0.0451684908213146+0i,0.045168491
0.0505613137048099+0i,0.050561314
0.0558954333489617+0i,0.055895433
0.0611737715580151+0i,0.061173772
0.0663982317106319+0i,0.066398232
0.0715698403721748+0i,0.07156984
0.0766889084780343+0i,0.076688909
0.0817551957972126+0i,0.081755196
0.0867680663158659+0i,0.086768066
0.091726626432468+0i,0.091726626
-664.310702866181+0i,-664.3107029
-717.902500050919+0i,-717.9025001
-628.318530717965+0i,-628.3185307
-573.387044521821+0i,-573.3870445
-266.490052928374+0i,-266.4900529
-105.196968653568+0i,-105.1969687
-18.5808824960045+0i,-18.5808825
-31.6903256531424+0i,-31.69032565
-0.309644595597376+0i,-0.309644596
-6.57013270965709+0i,-6.57013271
-3.08710590194758+0i,-3.087105902
-0.592309481720335+0i,-0.592309482
-6.13538764475689+0i,-6.135387645
6821.51511311165+0i,6821.515113
6395.31582341571+0i,6395.315823
0+0i,0
0+0i,0
331.627316854269+0i,331.6273169
0+0i,0
23.8881075046672+0i,23.8881075
0+0i,0
6.84832637531372+0i,6.848326375
4.54050901635259+0i,4.540509016
3.57913886845581+0i,3.579138868
0+0i,0
0+0i,0
1085.67784962779+0i,1085.67785
1017.84612593042+0i,1017.846126
0+0i,0
0+0i,0
52.7801267416592+0i,52.78012674
0+0i,0
3.80191039047838+0i,3.80191039
0+0i,0
1.08994499453778+0i,1.089944995
0.722644454105835+0i,0.722644454
0.569637642927075+0i,0.569637643
0+0i,0
0+0i,0
0.0969260990854679+0i,0.096926099
0.111553777557351+0i,0.111553778
1+0i,1
1+0i,1
0.626396558825568+0i,0.626396559
1+0i,1
0.613966211114259+0i,0.613966211
1+0i,1
0.0451684908213146+0i,0.045168491
0.822663307316923+0i,0.822663307
0.653138813496596+0i,0.653138813
1+0i,1
1+0i,1
15+0i,15
16+0i,16
17+0i,17
18+0i,18
0.208497254691995+0.0354278814438926i,0.20849725469199634+0.03542788144389314j
0.208497833876127+0.0354253152266746i,0.20849783387612597+0.03542531522667401j
0.257636022270978-0.0254531117584639i,0.25763602227097954-0.025453111758463955j
0.257636378845353-0.0254545305903381i,0.2576363788453515-0.025454530590337962j
0.211485791479478+0i,0.211485791
0.21148593260533+0i,0.211485933
0.258890287322257+0i,0.258890287
0.258890781666943+0i,0.258890782
15+0i,15
16+0i,16
17+0i,17
18+0i,18
0.226091060276288+0.0361055983816468i,0.2260910602762867+0.03610559838164629j
0.226090467629962+0.0361087324146739i,0.22609046762996327+0.03610873241467439j
0.24487502052356-0.026923346763795i,0.24487502052355922-0.026923346763794976j
0.244874717381788-0.0269216298397155i,0.24487471738178918-0.026921629839715508j
0.228955851140242+0i,0.228955851
0.22895576015844+0i,0.22895576
0.246350649029747+0i,0.246350649
0.246350160069031+0i,0.24635016
3+0i,3
0.999999999999879-9.06364638219951e-31i,0.9999999999998503-3.582223791601351e-31j
0.999999999999879+0i,1
1+0i,1
2+0i,2
1.2246885913983+1.99170658914565e-32i,1.2246885913982613+9.347340739519844e-32j
-0.224688591398419+9.18076181758998e-33i,-0.22468859139841174-2.8177791121887575e-33j
1.2246885913983+0i,1.224688591
0.224688591398419+0i,0.224688591
19+0i,19
20+0i,20
0.435060237523953+0.00424092156102509i,0.43506023752395345+0.004240921561024978j
0.435060661336438+0.00424323885192811i,0.4350606613364375+0.0042432388519280904j
0.435080907062222+0i,0.435080907
0.435081353448356+0i,0.435081353
1+0i,1
2+0i,2
-0.22468859139844+1.88202951744178e-32i,-0.22468859139843825+4.342176093204633e-32j
1.22468859139844+3.7931126202367e-33i,1.224688591398438+7.547726178315763e-33j
0.22468859139844+0i,0.224688591
1.22468859139844+0i,1.224688591
8+0i,8
9+0i,9
0.340989068818658-0.346141072851122i,0.3409890688186506-0.3461410728511356j
0.519353745003933+0.204429969045407i,0.5193537450039322+0.20442996904542035j
0.485888039951944+0i,0.48588804
0.558139699979778+0i,0.5581397
10+0i,10
1.01570808398497-1.08519625199668e-18i,1.0157080839849653-1.842173448223167e-18j
1.01570808398497+0i,1.015708084
4+0i,4
6+0i,6
8+0i,8
11+0i,11
12+0i,12
13+0i,13
14+0i,14
0.151817639216215-0.100507255404321i,0.15181763921629587-0.10050725540431832j
0.13171864894389+0.0395806468691351i,0.13171864894388374+0.0395806468691901j
0.133489538029656+0.212755124238525i,0.1334895380296663+0.21275512423848825j
0.213238465657028+0.00426193141557029i,0.21323846565699742+0.004261931415591323j
0.203818268029939-0.00501190822731591i,0.2038182680299045-0.005011908227324285j
0.118125112160251-0.0616863921558738i,0.11812511216023712-0.06168639215589565j
0.111394436906769-0.0758196487234422i,0.11139443690673481-0.07581964872345984j
0.182072249302562+0i,0.182072249
0.137537013513392+0i,0.137537014
0.25116568167869+0i,0.251165682
0.213281052358513+0i,0.213281052
0.203879880338407+0i,0.20387988
0.133261971695155+0i,0.133261972
0.134749173304783+0i,0.134749173
4+0i,4
6+0i,6
8+0i,8
11+0i,11
12+0i,12
13+0i,13
14+0i,14
0.114920274453103-0.0992955238445337i,0.1149202744531367-0.09929552384453441j
0.229305200003577+0.0647367186562613i,0.22930520000361776+0.06473671865627392j
-0.070578977039654-0.104480889627417i,-0.07057897703964845-0.104480889627401j
0.129644980969102-0.0861462062961729i,0.12964498096910643-0.08614620629616677j
0.112621889756144-0.0824436496177278i,0.11262188975610729-0.0824436496177391j
0.237404266298166+0.174795591277872i,0.2374042662981632+0.17479559127791738j
0.22556828766186+0.16745061910307i,0.22556828766186585+0.1674506191030208j
0.151875839210642+0i,0.151875839
0.238268162982511+0i,0.238268163
0.126085876676575+0i,0.126085877
0.155656641200116+0i,0.155656641
0.139573082700554+0i,0.139573083
0.294812286695706+0i,0.294812287
0.280928393432748+0i,0.280928393
4+0i,4
6+0i,6
11+0i,11
12+0i,12
0.246732081544807-0.147868813763149i,0.24673208154469378-0.147868813763101j
0.153663528729288+0.221146750780388i,0.15366352872935246+0.22114675078028645j
0.191251745235343-0.0626402226699547i,0.1912517452353491-0.06264022267008552j
0.188863550878803-0.0711956001287067i,0.18886355087887216-0.07119560012867869j
0.287648928638982+0i,0.287648929
0.269292341967349+0i,0.269292342
0.201248670931528+0i,0.201248671
0.201837197583193+0i,0.201837198
5+0i,5
7+0i,7
1.10021525069736+9.54321667312983e-18i,1.1002152506973857+1.0375489080971827e-17j
-0.113380575011036+5.80293340729675e-18i,-0.1133805750110387+3.65253431397048e-18j
1.10021525069736+0i,1.100215251
0.113380575011036+0i,0.113380575
7+0i,7
1.11333572397614-1.72087192816859e-17i,1.1133357239763888-2.3188047480048297e-17j
1.11333572397614+0i,1.113335724
-664.311678133276+0i,-664.3116781
-717.90058865288+0i,-717.9005887
-628.318530717967+0i,-628.3185307
-573.38704452182+0i,-573.3870445
-266.510891106493+0i,-266.5108911
-105.196968653567+0i,-105.1969687
-18.5377565319974+0i,-18.53775653
-31.6975185244406+0i,-31.69751852
-0.347020788712732+0i,-0.347020789
-6.5416296508383+0i,-6.541629651
-3.0926456743108+0i,-3.092645674
-0.594212218189811+0i,-0.594212218
-6.14391405733742+0i,-6.143914057
6821.52444042228+0i,6821.52444
6395.30586560443+0i,6395.305866
0+0i,0
0+0i,0
331.617896783203+0i,331.6178968
0+0i,0
24.1886822429973+0i,24.18868224
0+0i,0
6.85458722160316+0i,6.854587222
4.53610467415531+0i,4.536104674
3.56358815976379+0i,3.56358816
0+0i,0
0+0i,0
1085.67933411538+0i,1085.679334
1017.84454109554+0i,1017.844541
0+0i,0
0+0i,0
52.7786274907847+0i,52.77862749
0+0i,0
3.84974834585218+0i,3.849748346
0+0i,0
1.09094143917268+0i,1.090941439
0.721943481274069+0i,0.721943481
0.567162670770158+0i,0.567162671
0+0i,0
0+0i,0
0.0969261087591802+0i,0.096926109
0.111553655777026+0i,0.111553656
1+0i,1
1+0i,1
0.62643713127384+0i,0.626437131
1+0i,1
0.608288939279273+0i,0.608288939
1+0i,1
0.0505613137048099+0i,0.050561314
0.821763720620328+0i,0.821763721
0.655439025653779+0i,0.655439026
1+0i,1
1+0i,1
15+0i,15
16+0i,16
17+0i,17
18+0i,18
0.208497723915236+0.0354271776587145i,0.20849772391524138+0.035427177658714615j
0.208497015765259+0.0354256247198772i,0.2084970157652535+0.035425624719876675j
0.257635519550911-0.0254536167570282i,0.2576355195509169-0.02545361675702916j
0.257636184312302-0.0254537426138311i,0.2576361843122956-0.025453742613829575j
0.211486136176101+0i,0.211486136
0.211485177896259+0i,0.211485178
0.258889836687888+0i,0.258889837
0.258890510602558+0i,0.258890511
15+0i,15
16+0i,16
17+0i,17
18+0i,18
0.226090586728356+0.0361063813840266i,0.22609058672835128+0.036106381384026394j
0.226091456389073+0.0361084219961323i,0.22609145638907868+0.0361084219961325j
0.244875569562243-0.0269227939784154i,0.24487556956223705-0.026922793978413746j
0.244874925746273-0.0269224534818846i,0.2448749257462791-0.02692245348188583j
0.228955506996056+0i,0.228955507
0.228956687587812+0i,0.228956688
0.246351134367262+0i,0.246351134
0.246350457196099+0i,0.246350457
3+0i,3
0.999999999999838+4.85457003171414e-31i,0.9999999999998925+2.2196591875124777e-31j
0.999999999999838+0i,1
1+0i,1
2+0i,2
1.22468859139825+6.9058853942973e-32i,1.2246885913983083-6.355568816477209e-33j
-0.224688591398406-1.0870513251911e-33i,-0.22468859139841402-3.1815173725187874e-33j
1.22468859139825+0i,1.224688591
0.224688591398406+0i,0.224688591
19+0i,19
20+0i,20
0.435044407276897+0.00419686555178225i,0.4350444072768947+0.0041968655517535145j
0.435198078308468+0.00423272239764653i,0.43519807830851537+0.004232722397596869j
0.435064650349079+0i,0.43506465
0.435218661482109+0i,0.435218661
1+0i,1
2+0i,2
-0.224688591398438+1.90326506152471e-31i,-0.22468859139843672+1.8425568165534067e-32j
1.22468859139844-1.36471670763724e-32i,1.2246885913984367-2.77227123556737e-33j
0.224688591398438+0i,0.224688591
1.22468859139844+0i,1.224688591
8+0i,8
9+0i,9
13+0i,13
0.344098524159142-0.34273160009563i,0.3440985241620835-0.3427316000951069j
0.519390169981332+0.201527161002466i,0.5193901699822348+0.20152716100094475j
0.0929653708829217+0.0407476546963186i,0.09296537088317837+0.04074765469849072j
0.485663200204227+0i,0.4856632
0.557116994261484+0i,0.557116994
0.101503357317133+0i,0.101503357
10+0i,10
1.01632829115157+2.25375260348149e-18i,1.0163282911519789-3.03840128289472e-18j
1.01632829115157+0i,1.016328291
4+0i,4
6+0i,6
8+0i,8
11+0i,11
12+0i,12
13+0i,13
14+0i,14
0.147700779023178-0.101303664988643i,0.14770077902590498-0.10130366498857499j
0.130475193701164+0.0371694794015837i,0.13047519370286415+0.037169479403826367j
0.131178754895073+0.212856586435694i,0.1311787548915038+0.21285658643848354j
0.237378636143515+0.0111517624363429i,0.2373786361480837+0.011151762436306435j
0.18210721984121-0.00884853452549551i,0.18210721983514605-0.008848534529279707j
0.135121881147526-0.0647372389870149i,0.1351218811521074-0.06473723898677922j
0.0991330627328191-0.0697104585561842i,0.0991330627300082-0.06971045855514944j
0.179103189988857+0i,0.17910319
0.135666305213716+0i,0.135666305
0.250031582254878+0i,0.250031582
0.237640439956654+0i,0.23764044
0.182322066907832+0i,0.182322067
0.149829345845558+0i,0.149829346
0.121189571163952+0i,0.121189571
4+0i,4
6+0i,6
8+0i,8
11+0i,11
12+0i,12
13+0i,13
14+0i,14
0.116235248058583-0.096276315853659i,0.11623524806064159-0.09627631584840153j
0.22586064967105+0.0699863286962265i,0.2258606496647005+0.06998632870281508j
-0.0703288836351901-0.104425141335629i,-0.0703288836338361-0.10442514133653469j
0.113680896479996-0.0861121590359643i,0.11368089647529132-0.08611215903594051j
0.127190049582631-0.0864263814176641i,0.12719004958469424-0.08642638141890137j
0.22402383400972+0.145541700224833i,0.2240238340075451+0.1455417002137938j
0.239729649739563+0.190853412691979i,0.2397296497455115+0.19085341269193426j
0.150929658734107+0i,0.150929659
0.236455321940964+0i,0.236455322
0.12589980943726+0i,0.125899809
0.142613639454054+0i,0.142613639
0.153775251967876+0i,0.153775252
0.267149891837429+0i,0.267149892
0.306423449005503+0i,0.306423449
4+0i,4
6+0i,6
11+0i,11
12+0i,12
14+0i,14
0.249521919315476-0.153621315349401i,0.24952191931089546-0.15362131535537815j
0.15851482022085+0.224340964423551i,0.15851482022585098+0.22434096441840143j
0.178859850728697-0.0430178062959186i,0.17885985072797286-0.04301780628959813j
0.195639138398007-0.0876635110633607i,0.19563913840207633-0.08766351106090309j
0.0829467984332302+0.057505378831607i,0.08294679843314087+0.05750537883349514j
0.293019959641931+0i,0.29301996
0.274692221491868+0i,0.274692221
0.183960261636052+0i,0.183960262
0.214381817431121+0i,0.214381817
0.100930867255214+0i,0.100930867
5+0i,5
7+0i,7
1.09149502091233+5.6674457930835e-19i,1.0914950209102476+5.980485384955261e-18j
-0.112877391870274-1.58454063622359e-17i,-0.11287739186997368-3.6524297379160076e-19j
1.09149502091233+0i,1.091495021
0.112877391870274+0i,0.112877392
7+0i,7
1.10664054551527-3.48918977814564e-17i,1.1066405455126862+2.9585228674718486e-17j
1.10664054551527+0i,1.106640546
-664.311953603692+0i,-664.3119536
-717.897535011903+0i,-717.897535
-628.318530717958+0i,-628.3185307
-573.387044521828+0i,-573.3870445
-266.533391900084+0i,-266.5333919
-105.196968653568+0i,-105.1969687
-18.4941139867231+0i,-18.49411399
-31.7053653259026+0i,-31.70536533
-0.38410113284965+0i,-0.384101133
-6.51352901455955+0i,-6.513529015
-3.09801843562413+0i,-3.098018436
-0.597502723872179+0i,-0.597502724
-6.15191165633444+0i,-6.151911656
6821.53387467149+0i,6821.533875
6395.2960553934+0i,6395.296055
0+0i,0
0+0i,0
331.600762785903+0i,331.6007628
0+0i,0
24.487474411125+0i,24.48747441
0+0i,0
6.86103706497525+0i,6.861037065
4.53190589431075+0i,4.531905894
3.54789113516303+0i,3.547891135
0+0i,0
0+0i,0
1085.68083562278+0i,1085.680836
1017.84297975196+0i,1017.84298
0+0i,0
0+0i,0
52.7759005304195+0i,52.77590053
0+0i,0
3.89730259636685+0i,3.897302596
0+0i,0
1.09196796362752+0i,1.091967964
0.721275224706852+0i,0.721275225
0.564664411713112+0i,0.564664412
0+0i,0
0+0i,0
0.0969260157835026+0i,0.096926016
0.111553356170549+0i,0.111553356
1+0i,1
1+0i,1
0.626488928783927+0i,0.626488929
1+0i,1
0.60267679876584+0i,0.602676799
1+0i,1
0.0558954333489617+0i,0.055895433
0.820860578557016+0i,0.820860579
0.65773633934346+0i,0.657736339
1+0i,1
1+0i,1
15+0i,15
16+0i,16
17+0i,17
18+0i,18
0.208498140415311+0.0354255991750203i,0.20849814041530812+0.03542559917501227j
0.208496292291675+0.0354268106031601i,0.20849629229167674+0.0354268106031684j
0.257634714798054-0.0254550587471143i,0.25763471479804895-0.025455058747122047j
0.257636312677055-0.0254519731157216i,0.2576363126770605-0.025451973115713514j
0.211486282376781+0i,0.211486282
0.211484663294736+0i,0.211484663
0.258889177612533+0i,0.258889178
0.25889046437695+0i,0.258890464
15+0i,15
16+0i,16
17+0i,17
18+0i,18
0.226090157902125+0.036108145210953i,0.22609015790212741+0.03610814521096181j
0.226092286445144+0.0361072199764322i,0.2260922864451413+0.03610721997642409j
0.244876473312039-0.0269211776729316i,0.24487647331204426-0.026921177672922868j
0.244874816467854-0.0269242510777345i,0.24487481646784895-0.026924251077742885j
0.228955361699138+0i,0.228955362
0.228957317691354+0i,0.228957318
0.246351856069807+0i,0.246351856
0.246350545029359+0i,0.246350545
3+0i,3
1.00000000000001+3.12717473200837e-31i,1.0000000000000637-6.416822633362956e-31j
1.00000000000001+0i,1
1+0i,1
2+0i,2
1.22468859139845-3.16150738381372e-32i,1.2246885913985104+8.833434804212179e-32j
-0.224688591398444+5.27907815623883e-36i,-0.22468859139844846+2.8177848570250813e-33j
1.22468859139845+0i,1.224688591
0.224688591398444+0i,0.224688591
19+0i,19
20+0i,20
0.435033714235036+0.00415496938619381i,0.43503371423503784+0.004154969386091491j
0.435343213190514+0.00420570328578141i,0.4353432131906321+0.004205703285565176j
0.435053555659221+0i,0.435053556
0.435363527653809+0i,0.435363528
1+0i,1
2+0i,2
-0.22468859139844+8.61846230728241e-32i,-0.2246885913984361-6.147981294468061e-32j
1.22468859139844+6.04237248679425e-33i,1.2246885913984362-1.810022931547986e-32j
0.22468859139844+0i,0.224688591
1.22468859139844+0i,1.224688591
8+0i,8
9+0i,9
13+0i,13
0.347123975217206-0.339326710574181i,0.34712397522817967-0.3393267105739925j
0.519448087382715+0.198661364561323i,0.5194480873865873+0.19866136455681588j
0.0994475009115794+0.0464401980148219i,0.09944750090720252+0.04644019802034633j
0.485425247262325+0i,0.485425247
0.556140857386802+0i,0.556140857
0.109756537068251+0i,0.109756537
10+0i,10
1.01702016042387+1.33708700782531e-18i,1.017020160425247-3.4643774762947152e-18j
1.01702016042387+0i,1.01702016
4+0i,4
6+0i,6
8+0i,8
11+0i,11
12+0i,12
13+0i,13
14+0i,14
0.14361870872255-0.102022396995539i,0.1436187087373614-0.10202239699483583j
0.129209605881853+0.0347892013264774i,0.1292096058902759+0.03478920133800077j
0.128970307937618+0.212911115501174i,0.12897030792342304+0.21291111551309302j
0.261004838682159+0.0183355698044976i,0.26100483868588886+0.018335569799120127j
0.160852661810188-0.0130221535033297i,0.16085266179837726-0.013022153516805744j
0.152153655843323-0.0672235551606825i,0.15215365585244633-0.06722355515688817j
0.0867604993317628-0.0641303194851463i,0.08676049932730753-0.06413031948505485j
0.176167258546666+0i,0.176167259
0.133811101113017+0i,0.133811101
0.248926662761301+0i,0.248926663
0.261648082231756+0i,0.261648082
0.161378918366951+0i,0.161378918
0.166342241643335+0i,0.166342242
0.107889212257592+0i,0.107889212
4+0i,4
6+0i,6
8+0i,8
11+0i,11
12+0i,12
13+0i,13
14+0i,14
0.117486001695531-0.0932682528523147i,0.11748600170372563-0.09326825283107033j
0.222337015824974+0.0750820638867798i,0.22233701579892495+0.07508206391195611j
-0.0700885679492226-0.104405026397574i,-0.07008856794328142-0.10440502640170236j
0.0978895575963704-0.0857919326206952i,0.09788955758717266-0.08579193262109072j
0.141681039750636-0.0906849368273011i,0.14168103974926838-0.09068493682936697j
0.210424028711819+0.117261887089713i,0.21042402871136573+0.11726188706237169j
0.254171233110126+0.21344150925453i,0.2541712331267574+0.2134415092370769j
0.150006425144144+0i,0.150006425
0.234672250007224+0i,0.23467225
0.125749023432594+0i,0.125749023
0.130163824426017+0i,0.130163824
0.168217938378144+0i,0.168217938
0.24089130748774+0i,0.240891307
0.331904042779798+0i,0.331904043
4+0i,4
6+0i,6
11+0i,11
12+0i,12
14+0i,14
0.252323216228316-0.159470771941318i,0.25232321620615056-0.15947077196360718j
0.163431639057184+0.227592799004566i,0.16343163907598596+0.2275927989798237j
0.16695774644075-0.0251460612480569i,0.1669577464459014-0.025146061234123662j
0.202033267984612-0.102361503718578i,0.20203326799832877-0.10236150369623868j
0.089781017895697+0.0570656464587949i,0.08978101788986198+0.057065646467704734j
0.298492768005125+0i,0.298492768
0.280193473877695+0i,0.280193474
0.168840793331662+0i,0.168840793
0.226484698856392+0i,0.226484699
0.106381949503417+0i,0.10638195
5+0i,5
7+0i,7
1.08320097974363-4.98074347601174e-19i,1.0832009797413376+1.6647115102639064e-17j
-0.112698925605143-1.18440319183418e-18i,-0.11269892560425106+1.373027345090272e-18j
1.08320097974363+0i,1.08320098
0.112698925605143+0i,0.112698926
7+0i,7
1.10036019438865-9.99449549582598e-17i,1.1003601943820351-1.7946382427858814e-16j
1.10036019438865+0i,1.100360194
-664.311573782708+0i,-664.3115738
-717.893380087475+0i,-717.8933801
-628.318530717952+0i,-628.3185307
-573.387044521834+0i,-573.3870445
-266.557616238642+0i,-266.5576162
-105.196968653567+0i,-105.1969687
-18.4498882251214+0i,-18.44988823
-31.7138130083103+0i,-31.71381301
-0.420906288311655+0i,-0.420906288
-6.48583386808621+0i,-6.485833868
-0.602121944849818+0i,-0.602121945
-3.10319510804339+0i,-3.103195108
-6.15934372703986+0i,-6.159343727
6821.54336224418+0i,6821.543362
6395.28645723583+0i,6395.286457
0+0i,0
0+0i,0
331.57599431698+0i,331.5759943
0+0i,0
24.784571712963+0i,24.78457171
0+0i,0
6.86761622309558+0i,6.867616223
4.52786200130225+0i,4.527862001
0+0i,0
3.53202875541601+0i,3.532028755
0+0i,0
1085.68234561687+0i,1085.682346
1017.84145215774+0i,1017.841452
0+0i,0
0+0i,0
52.7719585061576+0i,52.77195851
0+0i,0
3.94458710053362+0i,3.944587101
0+0i,0
1.09301506916375+0i,1.093015069
0.720631619145216+0i,0.720631619
0+0i,0
0.562139835567172+0i,0.562139836
0+0i,0
0.0969258273460069+0i,0.096925827
0.11155288391226+0i,0.111552884
1+0i,1
1+0i,1
0.626551947108311+0i,0.626551947
1+0i,1
0.597126486063152+0i,0.597126486
1+0i,1
0.0611737715580151+0i,0.061173772
0.819957151107321+0i,0.819957151
1+0i,1
0.660029520982751+0i,0.660029521
1+0i,1
15+0i,15
16+0i,16
17+0i,17
18+0i,18
0.208498465383943+0.0354231939742419i,0.20849846538394373+0.03542319397424294j
0.208495705140322+0.0354288242271825i,0.2084957051403215+0.03542882422718146j
0.257633576310567-0.0254573852080951i,0.2576335763105685-0.025457385208094523j
0.257636798919438-0.0254492790271036i,0.2576367989194374-0.02544927902710411j
0.211486199877902+0i,0.2114862
0.211484421762173+0i,0.211484422
0.258888273400334+0i,0.258888273
0.258890683417643+0i,0.258890683
15+0i,15
16+0i,16
17+0i,17
18+0i,18
0.226089820743081+0.0361108580214412i,0.22608982074308062+0.036110858021440734j
0.226092908018874+0.0361051547511801i,0.22609290801887413+0.03610515475118061j
0.244877765643247-0.0269185586387557i,0.24487776564324598-0.026918558638756807j
0.244874349898573-0.0269269634524137i,0.24487434989857407-0.026926963452412578j
0.22895545660823+0i,0.228955457
0.228957605805174+0i,0.228957606
0.246352854470203+0i,0.246352854
0.246350377712348+0i,0.246350378
3+0i,3
1.00000000000012+5.66991354924728e-31i,1.0000000000000362-1.2308545087107761e-30j
1.00000000000012+0i,1
1+0i,1
2+0i,2
1.22468859139858+5.99051251570408e-32i,1.2246885913984844+0j
-0.224688591398461-1.59675663793535e-32i,-0.22468859139844755-1.375791296224543e-32j
1.22468859139858+0i,1.224688591
0.224688591398461+0i,0.224688591
19+0i,19
20+0i,20
0.435028951734359+0.00411445531954722i,0.4350289517343581+0.004114455319546411j
0.435495058855575+0.0041629725881808i,0.4354950588555755+0.004162972588180646j
0.435048408329087+0i,0.435048408
0.43551495568854+0i,0.435514956
1+0i,1
2+0i,2
-0.224688591398436+1.17236003155744e-31i,-0.22468859139843841+2.977492178197474e-31j
1.22468859139844-5.15175840437621e-33i,1.2246885913984384+3.019090471326306e-32j
0.224688591398436+0i,0.224688591
1.22468859139844+0i,1.224688591
8+0i,8
9+0i,9
13+0i,13
0.350068603774815-0.335927063672415i,0.3500686037748652-0.3359270636724299j
0.51952613125002+0.19583056775985i,0.5195261312500123+0.19583056775987565j
0.105347656462867+0.0519766451381877i,0.10534765646289408+0.05197664513823482j
0.485175246129086+0i,0.485175246
0.555208980763782+0i,0.555208981
0.11747212589393+0i,0.117472126
10+0i,10
1.01777597638251-2.60379428111352e-18i,1.0177759763825192-8.661331573558472e-19j
1.01777597638251+0i,1.017775976
4+0i,4
6+0i,6
8+0i,8
11+0i,11
12+0i,12
13+0i,13
0.139575011328002-0.102660697946422i,0.13957501132811256-0.10266069794621775j
0.127920386911653+0.0324441541940455i,0.12792038691160176+0.03244415419404354j
0.126856454678926+0.21291810482729i,0.12685645467890574+0.21291810482736645j
0.283851087936695+0.0257041950746964i,0.28385108793676156+0.02570419507464003j
0.140329198536988-0.0174363896765786i,0.14032919853683284-0.017436389676659912j
0.169017765018098-0.0691181532532621i,0.1690177650182132-0.06911815325332096j
0.173263968239384+0i,0.173263968
0.131970635101124+0i,0.131970635
0.247844062783338+0i,0.247844063
0.28501253615812+0i,0.285012536
0.141408315338904+0i,0.141408315
0.182604282537005+0i,0.182604283
4+0i,4
6+0i,6
8+0i,8
11+0i,11
12+0i,12
13+0i,13
14+0i,14
0.118669738103109-0.090273547000235i,0.11866973810313997-0.09027354700018658j
0.218739992585788+0.0800193224742586i,0.21873999258584853+0.08001932247428131j
-0.0698569203660922-0.104418773840067i,-0.06985692036611808-0.10441877384002862j
0.0824583080948971-0.0852254666776525i,0.08245830809479457-0.08522546667766544j
0.155916640442656-0.0951765257694432i,0.15591664044266626-0.09517652576948472j
0.196800215078867+0.0902431340382139i,0.19680021507881437+0.09024313403806462j
0.268700825758385+0.234934808160011i,0.2687008257584458+0.23493480816005324j
0.149103387048934+0i,0.149103387
0.232916887162932+0i,0.232916887
0.125631483527409+0i,0.125631484
0.11858647791505+0i,0.118586478
0.182670659451555+0i,0.182670659
0.216504383087565+0i,0.216504383
0.356923658291824+0i,0.356923658
5+0i,5
7+0i,7
1.07536255959253+2.58248872081038e-17i,1.075362559592434+2.551039674997848e-17j
-0.112831253879837+1.23759131324838e-17i,-0.11283125387984086-7.817846146322573e-19j
1.07536255959253+0i,1.07536256
0.112831253879837+0i,0.112831254
4+0i,4
6+0i,6
11+0i,11
12+0i,12
14+0i,14
0.255136855085254-0.165417057146884i,0.2551368550851365-0.16541705714695046j
0.168410180986261+0.23090394283888i,0.16841018098624969+0.23090394283869062j
0.155642483952695-0.00913232424099277i,0.15564248395265587-0.00913232424085199j
0.207956665113935-0.115185844601428i,0.20795666511407904-0.11518584460137919j
0.0957095152799375+0.0569870723389658i,0.0957095152799883+0.056987072339027736j
0.304068442324963+0i,0.304068442
0.285794716323388+0i,0.285794716
0.155910173359558+0i,0.155910173
0.237726215133825+0i,0.237726215
0.111390474138892+0i,0.111390474
7+0i,7
1.09452007995728-1.66062070359748e-17i,1.0945200799572732-3.153911035992037e-17j
1.09452007995728+0i,1.09452008
-664.310590172362+0i,-664.3105902
-717.888173887168+0i,-717.8881739
-628.318530717954+0i,-628.3185307
-573.387044521832+0i,-573.3870445
-266.583617699939+0i,-266.5836177
-105.196968653568+0i,-105.1969687
-18.4050018708368+0i,-18.40500187
-31.7228096563565+0i,-31.72280966
-0.457449154956735+0i,-0.457449155
-6.45854570350368+0i,-6.458545704
-0.608004186741874+0i,-0.608004187
-3.10815510420688+0i,-3.108155104
-6.16618484793662+0i,-6.166184848
6821.55285811304+0i,6821.552858
6395.27712755966+0i,6395.277128
0+0i,0
0+0i,0
331.543675762791+0i,331.5436758
0+0i,0
25.080053953791+0i,25.08005395
0+0i,0
6.87427429189242+0i,6.874274292
4.52393127998556+0i,4.52393128
0+0i,0
3.51598439517766+0i,3.515984395
0+0i,0
1085.68385693134+0i,1085.683857
1017.83996729366+0i,1017.839967
0+0i,0
0+0i,0
52.7668148485049+0i,52.76681485
0+0i,0
3.99161455975727+0i,3.99161456
0+0i,0
1.09407473372422+0i,1.094074734
0.720006025417746+0i,0.720006025
0+0i,0
0.559586296326493+0i,0.559586296
0+0i,0
0.0969255515246077+0i,0.096925552
0.111552245703279+0i,0.111552246
1+0i,1
1+0i,1
0.626626166169636+0i,0.626626166
1+0i,1
0.591634590964354+0i,0.591634591
1+0i,1
0.0663982317106319+0i,0.066398232
0.819056167467012+0i,0.819056167
1+0i,1
0.662318167267783+0i,0.662318167
1+0i,1
15+0i,15
16+0i,16
17+0i,17
18+0i,18
0.208498664074292+0.0354200169647398i,0.20849866407429074+0.03542001696473955j
0.208495291732923+0.035431609597675i,0.20849529173292333+0.03543160959767505j
0.257632076856934-0.0254605354485798i,0.257632076856933-0.025460535448579433j
0.257637672752627-0.0254457258114603i,0.2576376727526277-0.02544572581146052j
0.211485863647069+0i,0.211485864
0.21148448083365+0i,0.211484481
0.258887091008698+0i,0.258887091
0.258891203758377+0i,0.258891204
15+0i,15
16+0i,16
17+0i,17
18+0i,18
0.22608961720572+0.0361144777626535i,0.22608961720572143+0.03611447776265342j
0.226093276921443+0.0361022645657253i,0.2260932769214423+0.03610226456572539j
0.244879474958035-0.0269150067775566i,0.24487947495803636-0.02691500677755653j
0.244873492242926-0.0269305231884275i,0.24487349224292546-0.02693052318842753j
0.228955826552413+0i,0.228955827
0.228957514346767+0i,0.228957514
0.246354165472311+0i,0.246354165
0.246349914313865+0i,0.246349914
3+0i,3
1.00000000000008-4.97193626760826e-31i,0.9999999999999508-1.2287435592609265e-31j
1.00000000000008+0i,1
1+0i,1
2+0i,2
1.22468859139854-2.49477289941372e-31i,1.224688591398373-8.423403659240803e-32j
-0.224688591398462+3.2223952729771e-33i,-0.2246885913984203-1.970825122835236e-33j
1.22468859139854+0i,1.224688591
0.224688591398462+0i,0.224688591
19+0i,19
20+0i,20
0.435030648692538+0.00407454203742707i,0.43503064869253755+0.00407454203742458j
0.435652880113074+0.00410534052032127i,0.4356528801130726+0.004105340520317804j
0.435049729565099+0i,0.43504973
0.435672222859806+0i,0.435672223
1+0i,1
2+0i,2
-0.224688591398441-3.35163136884005e-32i,-0.22468859139843533+3.427852089498248e-32j
1.22468859139844+5.03374255930957e-33i,1.2246885913984353+1.6968958111252947e-32j
0.224688591398441+0i,0.224688591
1.22468859139844+0i,1.224688591
8+0i,8
9+0i,9
13+0i,13
0.352935648198564-0.332533238105258i,0.35293564819875656-0.332533238105351j
0.519622873395916+0.193033113309817i,0.5196228733959993+0.19303311330981132j
0.110619152564214+0.0572980614698347i,0.11061915256393415+0.05729806146982156j
0.484914349358842+0i,0.484914349
0.554319143986845+0i,0.554319144
0.124577946532385+0i,0.124577947
10+0i,10
1.01858816783712+9.10871756793842e-19i,1.0185881678371271-9.1031495321741e-18j
1.01858816783712+0i,1.018588168
4+0i,4
6+0i,6
8+0i,8
11+0i,11
12+0i,12
13+0i,13
0.135573206519347-0.103216201548431i,0.13557320651980354-0.1032162015483335j
0.126606350684132+0.0301383984108278i,0.1266063506843457+0.030138398411129728j
0.124829686017339+0.212877154587622i,0.12482968601706154+0.21287715458792247j
0.305704033305763+0.0331529964354555i,0.30570403330526247+0.03315299643506691j
0.120757807163898-0.0219978397142766i,0.12075780716416123-0.02199783971448787j
0.185538038193694-0.0704139997084954i,0.1855380381934998-0.07041399970834317j
0.170392718706006+0i,0.170392719
0.130144116625852+0i,0.130144117
0.246777497873104+0i,0.246777498
0.307496466893622+0i,0.307496467
0.122745072989217+0i,0.122745073
0.198450232984778+0i,0.198450233
4+0i,4
6+0i,6
8+0i,8
11+0i,11
12+0i,12
13+0i,13
14+0i,14
0.119784293623183-0.0872942280507858i,0.11978429362333849-0.0872942280503385j
0.215075144657206+0.0847946256185138i,0.2150751446566435+0.08479462561901084j
-0.0696327020730391-0.104464562699285i,-0.06963270207291508-0.10446456269940556j
0.067545001205351-0.0844538937321324i,0.06754500120556842-0.08445389373219013j
0.169746428151891-0.0998574122781055i,0.16974642815148774-0.09985741227802955j
0.183327689605239+0.064707686988848i,0.18332768960557763+0.0647076869889526j
0.283145486291023+0.255116790428141i,0.28314548629108677+0.25511679042713353j
0.148217945100407+0i,0.148217945
0.23118703766237+0i,0.231187038
0.125545043940195+0i,0.125545044
0.108142440116493+0i,0.10814244
0.196939972217944+0i,0.196939972
0.194412259210785+0i,0.194412259
0.381124576963145+0i,0.381124577
5+0i,5
7+0i,7
1.06799867218765-3.59631145976642e-18i,1.0679986721879504-2.7561216333096855e-17j
-0.113259391875518-8.89946298065752e-18i,-0.11325939187547118+6.170617671318869e-18j
1.06799867218765+0i,1.067998672
0.113259391875518+0i,0.113259392
4+0i,4
6+0i,6
11+0i,11
12+0i,12
14+0i,14
0.257962955830829-0.171460284813725i,0.2579629558302278-0.17146028481418885j
0.173447000457929+0.234275803302832i,0.17344700045834807+0.23427580330220826j
0.14498381594071+0.00498376979966046i,0.14498381594117132+0.0049837697995618185j
0.213344005556313-0.126099261806622i,0.21334400555648134-0.12609926180570968j
0.100697827027781+0.0572292154488357i,0.10069782702743107+0.05722921544905484j
0.309747503378771+0i,0.309747503
0.291494449314288+0i,0.291494449
0.145069448355419+0i,0.145069448
0.247823906302413+0i,0.247823906
0.115824157536354+0i,0.115824158
7+0i,7
1.08913706310366-1.03468517522114e-16i,1.089137063103773+1.9198527815649554e-17j
1.08913706310366+0i,1.089137063
-664.309058838311+0i,-664.3090588
-717.881972872413+0i,-717.8819729
-628.318530717952+0i,-628.3185307
-573.387044521837+0i,-573.3870445
-266.611442254595+0i,-266.6114423
-105.196968653566+0i,-105.1969687
-18.3593701439296+0i,-18.35937014
-31.7323055391838+0i,-31.73230554
-0.493736098290497+0i,-0.493736099
-6.43166429838858+0i,-6.431664298
-0.615079067599209+0i,-0.615079068
-3.11288589445508+0i,-3.112885894
-6.17242046942923+0i,-6.172420469
6821.56232624283+0i,6821.562326
6395.26811394277+0i,6395.268114
0+0i,0
0+0i,0
331.503893574574+0i,331.5038936
0+0i,0
25.3739935656927+0i,25.37399357
0+0i,0
6.8809704531266+0i,6.880970453
4.52008092501137+0i,4.520080925
0+0i,0
3.49974403464107+0i,3.499744035
0+0i,0
1085.68536383099+0i,1085.685364
1017.83853273197+0i,1017.838533
0+0i,0
0+0i,0
52.760483316603+0i,52.76048332
0+0i,0
4.03839650196194+0i,4.038396502
0+0i,0
1.09514046088438+0i,1.095140461
0.719393222390946+0i,0.719393222
0+0i,0
0.5570015626695+0i,0.557001563
0+0i,0
0.0969251969301937+0i,0.096925197
0.111551449387636+0i,0.111551449
1+0i,1
1+0i,1
0.626711552965355+0i,0.626711553
1+0i,1
0.586197655934463+0i,0.586197656
1+0i,1
0.0715698403721748+0i,0.07156984
0.818159798145412+0i,0.818159798
1+0i,1
0.664602611759491+0i,0.664602612
1+0i,1
15+0i,15
16+0i,16
17+0i,17
18+0i,18
0.208498706569434+0.035416127408169i,0.20849870656943348+0.035416127408167075j
0.208495084399449+0.0354351060329933i,0.20849508439945036+0.035435106032996586j
0.257630194307701-0.0254644434890584i,0.2576301943077013-0.02546444348906131j
0.25763895800742-0.0254413843889944i,0.2576389580074211-0.025441384388992162j
0.211485254147231+0i,0.211485254
0.211484862243856+0i,0.211484862
0.258885601958146+0i,0.258885602
0.258892056121422+0i,0.258892056
15+0i,15
16+0i,16
17+0i,17
18+0i,18
0.226089583321109+0.0361189545497933i,0.22608958332110968+0.0361189545497959j
0.226093355486945+0.036098595294178i,0.22609335548694376+0.03609859529417509j
0.24488162359902-0.0269105978048064i,0.24488162359902044-0.026910597804803458j
0.244872216271822-0.0269348577460365i,0.24487221627182065-0.02693485774603909j
0.228956499283341+0i,0.228956499
0.228957013383646+0i,0.228957013
0.24635581959983+0i,0.24635582
0.246349119875987+0i,0.24634912
3+0i,3
1.00000000000015-2.56347802281004e-31i,1.0000000000000329-9.977379473733164e-31j
1.00000000000015+0i,1
1+0i,1
2+0i,2
1.22468859139862+1.35703213600503e-31i,1.2246885913984826+3.287259470989626e-32j
-0.224688591398468-1.47780618031015e-32i,-0.22468859139844993-1.8017712083243182e-32j
1.22468859139862+0i,1.224688591
0.224688591398468+0i,0.224688591
19+0i,19
20+0i,20
0.435039082379646+0.00403447944943738i,0.43503908237963934+0.004034479449346273j
0.435816205093113+0.00403359726169216i,0.43581620509294083+0.004033597261493958j
0.435057789520142+0i,0.43505779
0.435834870712099+0i,0.435834871
1+0i,1
2+0i,2
-0.224688591398436+1.602980285126e-31i,-0.22468859139843697+1.3463080852625027e-31j
1.22468859139844+3.77001052062335e-33i,1.2246885913984369+1.0015937571952564e-32j
0.224688591398436+0i,0.224688591
1.22468859139844+0i,1.224688591
8+0i,8
9+0i,9
13+0i,13
0.355728337791226-0.329145738655309i,0.3557283378021603-0.32914573866173014j
0.519736874261568+0.19026761015559i,0.5197368742669661+0.19026761015563481j
0.11523864961165+0.0623575039541982i,0.11523864959116834+0.062357503950591704j
0.484643753268995+0i,0.484643753
0.553469224023798+0i,0.553469224
0.131028259027259+0i,0.131028259
10+0i,10
1.01944948246019-2.17990024111991e-18i,1.0194494824604097-1.732558189050896e-18j
1.01944948246019+0i,1.019449482
4+0i,4
6+0i,6
8+0i,8
11+0i,11
12+0i,12
13+0i,13
0.13161673208999-0.103687032374888i,0.13161673212218125-0.10368703237314233j
0.125266673235165+0.0278756588392762i,0.12526667325179536+0.02787565886233495j
0.122882860213959+0.212788128459346i,0.12288286019672529+0.21278812847677234j
0.326404533279437+0.0405860446163113i,0.3264045332385034+0.04058604458937268j
0.102304123624148-0.026620120960712i,0.1023041236471277-0.02662012096910336j
0.201568762948699-0.071121678618984i,0.20156876292891582-0.07112167860791554j
0.167552871800991+0i,0.167552872
0.128330790456263+0i,0.12833079
0.245721356311564+0i,0.245721356
0.328918145384174+0i,0.328918145
0.105710758915391+0i,0.105710759
0.213748121316307+0i,0.213748121
4+0i,4
6+0i,6
8+0i,8
12+0i,12
13+0i,13
14+0i,14
0.120828124666979-0.0843320691015691i,0.12082812467706676-0.08433206907430064j
0.211347794214815+0.0894056002479843i,0.2113477941814977+0.08940560027588633j
-0.0694145723186074-0.104540564830192i,-0.0694145723099046-0.10454056483655694j
0.183050470415879-0.104684801499824i,0.1830504703810425-0.10468480149009791j
0.170156841367599+0.0408124462473653i,0.17015684139723058+0.04081244626548159j
0.297356318942376+0.273834964023481i,0.29735631893733405+0.2738349639476963j
0.147347662314307+0i,0.147347662
0.229480394533325+0i,0.229480395
0.125487499557489+0i,0.1254875
0.210870534652265+0i,0.210870535
0.174982874684617+0i,0.174982875
0.404235535222599+0i,0.404235535
5+0i,5
7+0i,7
1.06111843886195+6.31407591552423e-18i,1.0611184388761732+2.3199805217772255e-17j
-0.113967693487351+1.56965441785086e-17i,-0.11396769348433551-1.2212613763268842e-17j
1.06111843886195+0i,1.061118439
0.113967693487351+0i,0.113967693
4+0i,4
6+0i,6
11+0i,11
12+0i,12
14+0i,14
0.260800927022664-0.177600700756994i,0.2608009269814702-0.17760070077798712j
0.178538988237301+0.237709550218388i,0.17853898825534018+0.23770955017183318j
0.135025313710996+0.01722147354022i,0.135025313740075+0.01722147353123895j
0.218153145769963-0.135122320092722i,0.2181531457831055-0.13512232003459604j
0.104742186227772+0.0577471469981205i,0.1047421862081364+0.05774714701173535j
0.315529923216889+0i,0.315529923
0.297291104114851+0i,0.297291104
0.136119118766062+0i,0.136119119
0.256610281159136+0i,0.256610281
0.119606264728048+0i,0.119606265
7+0i,7
1.08421988910062+4.89812279906884e-17i,1.0842198891041857-1.1648631321789353e-17j
1.08421988910062+0i,1.084219889
-664.307038143858+0i,-664.3070381
-717.874837460942+0i,-717.8748375
-628.318530717957+0i,-628.3185307
-573.387044521831+0i,-573.3870445
-266.641128469092+0i,-266.6411285
-105.196968653567+0i,-105.1969687
-18.3129040421518+0i,-18.31290404
-31.7422538677243+0i,-31.74225387
-0.52976826897988+0i,-0.529768274
-6.40518771176471+0i,-6.405187712
-0.623273360146037+0i,-0.62327336
-3.11738222919035+0i,-3.117382228
-6.17804599714689+0i,-6.178045997
6821.57173946057+0i,6821.571739
6395.25945488484+0i,6395.259455
0+0i,0
0+0i,0
331.456733769247+0i,331.4567338
0+0i,0
25.6664562765156+0i,25.66645628
0+0i,0
6.8876731805152+0i,6.88767318
4.51628656324713+0i,4.516286567
0+0i,0
3.48329629201216+0i,3.483296293
0+0i,0
1085.68686199113+0i,1085.686862
1017.8371546001+0i,1017.837155
0+0i,0
0+0i,0
52.75297760047+0i,52.7529776
0+0i,0
4.08494338805946+0i,4.084943389
0+0i,0
1.09620723308047+0i,1.096207233
0.718789330960288+0i,0.718789332
0+0i,0
0.554383823127405+0i,0.554383823
0+0i,0
0.0969247723809434+0i,0.096924772
0.111550503572953+0i,0.111550504
1+0i,1
1+0i,1
0.626808064707179+0i,0.626808065
1+0i,1
0.580812231709805+0i,0.580812232
1+0i,1
0.0766889084780343+0i,0.076688909
0.817269668555466+0i,0.817269668
1+0i,1
0.666883808530237+0i,0.666883808
1+0i,1
15+0i,15
16+0i,16
17+0i,17
18+0i,18
0.208498568102639+0.0354115865588103i,0.20849856810262973+0.03541158655877194j
0.208495110021366+0.0354392506121217i,0.208495110021373+0.03543925061217089j
0.257627911825463-0.0254690407295179i,0.25762791182545813-0.025469040729565174j
0.257640672496114-0.0254363282992549i,0.257640672496135-0.025436328299208714j
0.211484357254769+0i,0.211484357
0.211485581983194+0i,0.211485582
0.258883782781445+0i,0.258883783
0.258893265500664+0i,0.258893266
15+0i,15
16+0i,16
17+0i,17
18+0i,18
0.226089748812935+0.036124233086757i,0.22608974881294336+0.03612423308679823j
0.226093112925223+0.0360941981617667i,0.22609311292521128+0.03609419816171767j
0.244884227751893-0.026905410213994i,0.24488422775189986-0.026905410213939922j
0.244870501495814-0.0269398923164162i,0.24487050149579395-0.02693989231646177j
0.228957495475476+0i,0.228957495
0.228956080620626+0i,0.228956081
0.246357841564713+0i,0.246357842
0.246347965895462+0i,0.246347966
3+0i,3
1.00000000000005+1.52951820025411e-31i,1.0000000000000198-4.998461351596887e-31j
1.00000000000005+0i,1
1+0i,1
2+0i,2
1.22468859139849+4.81634669731352e-32i,1.2246885913984544+4.050529347997758e-32j
-0.224688591398445-1.358274628352e-32i,-0.22468859139843705+1.2502634929004934e-33j
1.22468859139849+0i,1.224688591
0.224688591398445+0i,0.224688591
19+0i,19
20+0i,20
0.435054305187212+0.00399357539940646i,0.4350543051870399+0.003993575397965295j
0.435984801301444+0.00394848183118809i,0.43598480129964656+0.0039484818283726224j
0.435072634288114+0i,0.435072634
0.436002680581933+0i,0.436002681
1+0i,1
2+0i,2
-0.224688591398436-1.61755195491965e-31i,-0.2246885913984345-1.3646839150071602e-31j
1.22468859139844+2.47538726423426e-32i,1.2246885913984344+7.547726178315741e-33j
0.224688591398436+0i,0.224688591
1.22468859139844+0i,1.224688591
8+0i,8
9+0i,9
13+0i,13
0.358449838731153-0.325765003255452i,0.3584498388933315-0.3257650033271929j
0.519866726460577+0.187532857318444i,0.5198667265331727+0.1875328573106613j
0.119203449768157+0.0671202797881913i,0.11920344950449609+0.06712027975969725j
0.484364660387619+0i,0.484364661
0.552657204652989+0i,0.552657205
0.136801295298965+0i,0.136801295
10+0i,10
1.02035311903063-7.49899877412402e-18i,1.0203531190362722+2.210257173146374e-19j
1.02035311903063+0i,1.020353119
4+0i,4
6+0i,6
8+0i,8
11+0i,11
13+0i,13
0.1277089256816-0.104071874267254i,0.1277089261114489-0.10407187424691128j
0.123900918950124+0.0256592908669458i,0.12390091917679553+0.025659291175892152j
0.121009295749113+0.212651181565856i,0.12100929550577391+0.2126511818014986j
0.345845453298177+0.0479190090817019i,0.34584545283803575+0.04791900873220254j
0.21699599176299-0.0712661616321305i,0.21699599157160224-0.0712661614788083j
0.164743815399084+0i,0.164743816
0.126529984290206+0i,0.126529985
0.244670747493547+0i,0.244670748
0.349149407844827+0i,0.349149407
0.228399050424867+0i,0.22839905
4+0i,4
6+0i,6
8+0i,8
12+0i,12
13+0i,13
14+0i,14
0.121800258928022-0.0813885457511837i,0.12180025907110026-0.08138854536071871j
0.207562942097719+0.093850897860928i,0.20756294162220643+0.09385089826023714j
-0.0692011174082697-0.104644980329513i,-0.0692011172867335-0.10464498041689319j
0.195739602313577-0.109618316544255i,0.19573960188545228-0.10961831641623791j
0.157410744280569+0.0186526414039716i,0.15741074463314045+0.018652641553323003j
0.31121087745008+0.2909971339961i,0.3112108774450487+0.29099713303152j
0.146490267439259+0i,0.146490267
0.227794569648978+0i,0.227794569
0.125456632183067+0i,0.125456632
0.224343859367431+0i,0.224343859
0.158512029342596+0i,0.15851203
0.426065185431986+0i,0.426065185
5+0i,5
7+0i,7
1.05472229574271-1.3948650967448e-17i,1.054722295912209-2.3554640141641527e-17j
-0.114940218411886+5.98313284151305e-18i,-0.11494021836709577+2.970447374194684e-18j
1.05472229574271+0i,1.054722296
0.114940218411886+0i,0.114940218
4+0i,4
6+0i,6
11+0i,11
12+0i,12
14+0i,14
0.263649551044921-0.183838576490024i,0.26364955048526123-0.1838385767992253j
0.18368332547379+0.241206171460871i,0.18368332573932633+0.2412061708277333j
0.125786954682976+0.0276479654138277i,0.1257869550278601+0.02764796536566122j
0.222362975829675-0.142322678564862i,0.2223629760521503-0.1423226778262772j
0.10786462905099+0.0584941757459909i,0.10786462881027696+0.05849417593336452j
0.321415164502341+0i,0.321415164
0.303183081994892+0i,0.303183082
0.128789626755966+0i,0.128789627
0.264009541217179+0i,0.264009541
0.12270430634868+0i,0.122704306
7+0i,7
1.07976997269369-9.44730754024201e-17i,1.0797699727232706-2.2329665561343818e-17j
1.07976997269369+0i,1.079769973
-664.304586776699+0i,-664.3045868
-717.866829780537+0i,-717.8668298
-628.318530717971+0i,-628.3185307
-573.387044521816+0i,-573.3870445
-266.672708049006+0i,-266.672708
-105.196968653567+0i,-105.1969687
-18.2655131719309+0i,-18.26551317
-31.7526112765321+0i,-31.75261128
-0.565542898944094+0i,-0.565542899
-6.37911238771795+0i,-6.379112388
-0.63251264569732+0i,-0.632512646
-3.12164514102901+0i,-3.121645141
-6.18306554302353+0i,-6.183065543
6821.5810789074+0i,6821.581079
6395.25118007262+0i,6395.25118
0+0i,0
0+0i,0
331.40227989054+0i,331.4022799
0+0i,0
25.9575018531871+0i,25.95750185
0+0i,0
6.89435949816227+0i,6.894359498
4.51253146312088+0i,4.512531463
0+0i,0
3.46663233139152+0i,3.466632331
0+0i,0
1085.68834841026+0i,1085.688348
1017.83583762283+0i,1017.835838
0+0i,0
0+0i,0
52.7443109965032+0i,52.744311
0+0i,0
4.13126473025176+0i,4.13126473
0+0i,0
1.09727139358508+0i,1.097271394
0.718191688213391+0i,0.718191688
0+0i,0
0.551731671423141+0i,0.551731671
0+0i,0
0.0969242866248409+0i,0.096924287
0.111549417281184+0i,0.111549417
1+0i,1
1+0i,1
0.626915651920533+0i,0.626915652
1+0i,1
0.57547492587409+0i,0.575474926
1+0i,1
0.0817551957972126+0i,0.081755196
0.816386897124805+0i,0.816386897
1+0i,1
0.669163205269747+0i,0.669163205
1+0i,1
15+0i,15
16+0i,16
17+0i,17
18+0i,18
0.208498229003548+0.0354064556386958i,0.2084982290035494+0.03540645563869639j
0.208495390070377+0.0354439802834619i,0.20849539007037615+0.03544398028346143j
0.25762521768865-0.0254742582586651i,0.2576252176886515-0.025474258258664936j
0.257642828269109-0.0254306312527301i,0.2576428282691077-0.02543063125273043j
0.21148316386538+0i,0.211483164
0.211486650687303+0i,0.211486651
0.258881615073287+0i,0.258881615
0.25889485117402+0i,0.258894851
15+0i,15
16+0i,16
17+0i,17
18+0i,18
0.226090137171197+0.0361302549495349i,0.2260901371711963+0.03613025494953463j
0.226092525194358+0.0360891275817781i,0.22609252519435918+0.0360891275817787j
0.244887297749521-0.026899522661439i,0.24488729774952014-0.026899522661439343j
0.244868333894188-0.0269455522616399i,0.24486833389418886-0.026945552261639784j
0.228958829156705+0i,0.228958829
0.228954700930938+0i,0.228954701
0.246360250280917+0i,0.24636025
0.246346430318769+0i,0.24634643
3+0i,3
0.999999999999776+1.3654983117297e-31i,0.9999999999998942-1.2053698893092373e-30j
0.999999999999776+0i,1
1+0i,1
2+0i,2
1.22468859139817-1.12390964384241e-32i,1.2246885913982992+9.488762685687032e-32j
-0.224688591398394+7.54151307578029e-33i,-0.22468859139840958-1.045087608757834e-32j
1.22468859139817+0i,1.224688591
0.224688591398394+0i,0.224688591
19+0i,19
20+0i,20
0.435076180127508+0.00395121368561585i,0.4350761801275123+0.003951213685618364j
0.436158641707698+0.00385065994937588i,0.4361586417077228+0.0038506599493772j
0.435094121546055+0i,0.435094122
0.436175639299525+0i,0.436175639
1+0i,1
2+0i,2
-0.224688591398438+7.36874372091372e-33i,-0.22468859139843406-1.314125132812327e-32j
1.22468859139844-1.98001291070317e-32i,1.2246885913984342+3.4197283716520325e-32j
0.224688591398438+0i,0.224688591
1.22468859139844+0i,1.224688591
8+0i,8
9+0i,9
13+0i,13
0.361103212464978-0.322391409945053i,0.36110321246451743-0.3223914099444184j
0.520011089352623+0.184827781405267i,0.5200110893523283+0.18482778140501194j
0.122528040856251+0.0715633833123439i,0.1225280408576791+0.0715633833128743j
0.4840782491074+0i,0.484078249
0.551881184521537+0i,0.551881185
0.141895872481128+0i,0.141895872
10+0i,10
1.02129281687477-1.06239485873365e-18i,1.021292816874845+2.396770707894284e-18j
1.02129281687477+0i,1.021292817
4+0i,4
6+0i,6
8+0i,8
11+0i,11
13+0i,13
0.12385300701632-0.104370005336124i,0.12385300701402112-0.10437000533630454j
0.122509045752381+0.0234922644996927i,0.12250904575123177+0.02349226449813947j
0.119202825822933+0.212466764354189i,0.11920282582379146+0.2124667643531537j
0.363966707781777+0.0550807565955085i,0.36396670778540385+0.05508075659781564j
0.231736653525882-0.070883312766494i,0.2317366535280254-0.0708833127670683j
0.161965012767718+0i,0.161965013
0.124741143102356+0i,0.124741143
0.243621508983322+0i,0.243621509
0.368110926380403+0i,0.368110926
0.242335141108605+0i,0.242335141
4+0i,4
6+0i,6
8+0i,8
12+0i,12
13+0i,13
14+0i,14
0.122700222942251-0.0784648250573976i,0.12270022294171394-0.07846482505883438j
0.203725223398345+0.0981300694191042i,0.20372522340005014+0.09813006941776244j
-0.0689908788557007-0.104776064481668i,-0.06899087885620336-0.10477606448130501j
0.207753774039998-0.11462103725223i,0.2077537740429735-0.1146210372533034j
0.145184870028496-0.00173143847148723i,0.14518487002584238-0.0017314384739891202j
0.324613494724956+0.306564707435659i,0.3246134947261688+0.3065647074412614j
0.145643652389543+0i,0.145643652
0.226127126132412+0i,0.226127126
0.125450249316406+0i,0.125450249
0.237275394444176+0i,0.237275394
0.145195194012653+0i,0.145195194
0.446492822789639+0i,0.446492823
5+0i,5
7+0i,7
1.04880331752226-6.6176830404333e-18i,1.0488033175208062+3.967462963864273e-18j
-0.116161051171583-9.80972631586665e-18i,-0.11616105117198777-1.4622791414122273e-18j
1.04880331752226+0i,1.048803318
0.116161051171583+0i,0.116161051
4+0i,4
6+0i,6
11+0i,11
12+0i,12
14+0i,14
0.26650709087484-0.190174112024093i,0.26650709087764096-0.1901741120233129j
0.188877422381293+0.244766534718306i,0.18887742238059999+0.24476653472143337j
0.117268630684655+0.0363666736192327i,0.117268630682311+0.03636667362010909j
0.225970391843943-0.14780364242422i,0.22597039184317705-0.14780364242783017j
0.11010747546612+0.0594241144133359i,0.11010747546730858+0.059424114412596374j
0.327402233301367+0i,0.327402233
0.309168784328899+0i,0.309168784
0.122778119763994+0i,0.12277812
0.270015804544793+0i,0.270015805
0.125119469017941+0i,0.125119469
7+0i,7
1.0757824074838+4.66224148432153e-17i,1.0757824074832318-4.183657037797004e-17j
1.0757824074838+0i,1.075782407
-664.301762137696+0i,-664.3017621
-717.858011770135+0i,-717.8580118
-628.318530717979+0i,-628.3185307
-573.387044521809+0i,-573.3870445
-266.706206601817+0i,-266.7062066
-105.196968653568+0i,-105.1969687
-18.217108111736+0i,-18.21710811
-31.7633380672072+0i,-31.76333807
-0.60105448944117+0i,-0.601054489
-6.35343333535504+0i,-6.353433335
-0.642722732373967+0i,-0.642722732
-3.12568084216897+0i,-3.125680842
-6.18749050069557+0i,-6.187490501
6821.59033320002+0i,6821.590333
6395.24331101321+0i,6395.243311
0+0i,0
0+0i,0
331.340611460133+0i,331.3406115
0+0i,0
26.247184859818+0i,26.24718486
0+0i,0
6.90101395047506+0i,6.90101395
4.50880554922988+0i,4.508805549
0+0i,0
3.44974568277481+0i,3.449745683
0+0i,0
1085.68982127667+0i,1085.689821
1017.83458522313+0i,1017.834585
0+0i,0
0+0i,0
52.7344961609712+0i,52.73449616
0+0i,0
4.17736921268679+0i,4.177369213
0+0i,0
1.09833048256423+0i,1.098330483
0.717598690600104+0i,0.717598691
0+0i,0
0.549044077823537+0i,0.549044078
0+0i,0
0.0969237481186072+0i,0.096923748
0.111548199646309+0i,0.1115482
1+0i,1
1+0i,1
0.627034261297683+0i,0.627034261
1+0i,1
0.570182442520048+0i,0.570182443
1+0i,1
0.0867680663158659+0i,0.086768066
0.815512150187884+0i,0.81551215
1+0i,1
0.671442616334961+0i,0.671442616
1+0i,1
15+0i,15
16+0i,16
17+0i,17
18+0i,18
0.208497674365819+0.035400794211081i,0.20849767436581731+0.035400794211081235j
0.208495940943483+0.035449233566921i,0.20849594094348414+0.03544923356691986j
0.257622104847066-0.0254800287283626i,0.25762210484706294-0.025480028728361376j
0.257645432155065-0.0254243651505641i,0.2576454321550669-0.02542436515056513j
0.211481669292472+0i,0.211481669
0.211488074250985+0i,0.211488074
0.258879085230597+0i,0.258879085
0.258896827044441+0i,0.258896827
15+0i,15
16+0i,16
17+0i,17
18+0i,18
0.22609076606638+0.0361369606057867i,0.22609076606638248+0.03613696060578698j
0.226091574518498+0.0360834392305519i,0.22609157451849643+0.03608343923055248j
0.244890838662502-0.026893011854797i,0.24489083866250463-0.026893011854798827j
0.244865705322026-0.026951765068513i,0.24486570532202387-0.026951765068511716j
0.228960508433893+0i,0.228960508
0.228952865574901+0i,0.228952866
0.246363059218394+0i,0.246363059
0.24634449716436+0i,0.246344497
3+0i,3
0.999999999999641-3.014738233585e-31i,1.0000000000000877-5.402885701559803e-31j
0.999999999999641+0i,1
1+0i,1
2+0i,2
1.22468859139801-4.44437040685508e-32i,1.224688591398543-1.746000179087739e-32j
-0.224688591398365+1.41381088695224e-33i,-0.22468859139845757-4.88149460576777e-33j
1.22468859139801+0i,1.224688591
0.224688591398365+0i,0.224688591
19+0i,19
20+0i,20
0.435104420129068+0.00390686388752406i,0.43510442012910405+0.00390686388763699j
0.436337865984099+0.00374071061197104i,0.43633786598425894+0.003740710612153764j
0.435121959916169+0i,0.43512196
0.436353900185893+0i,0.4363539
1+0i,1
2+0i,2
-0.224688591398439-2.73971513634708e-32i,-0.22468859139843567-2.4364209079894536e-32j
1.22468859139844-3.57230549346122e-32i,1.2246885913984358-3.425086169616183e-33j
0.224688591398439+0i,0.224688591
1.22468859139844+0i,1.224688591
8+0i,8
9+0i,9
13+0i,13
0.363691386224326-0.319025283417782i,0.36369138621175195-0.31902528341254316j
0.520168714218859+0.182151387790249i,0.5201687142135487+0.18215138779032047j
0.125240346285868+0.0756743468979737i,0.12524034630600067+0.07567434690005928j
0.483785650752033+0i,0.483785651
0.551139382847946+0i,0.551139383
0.146327547359473+0i,0.146327547
10+0i,10
1.02226290603447+1.32788702435443e-18i,1.022262906034206+4.131009697243964e-18j
1.02226290603447+0i,1.022262906
4+0i,4
6+0i,6
8+0i,8
11+0i,11
13+0i,13
0.120052060826763-0.104581303955414i,0.12005206079275338-0.10458130395662793j
0.121091393011943+0.0213771630533775i,0.12109139299375471+0.021377163029235022j
0.117457820063628+0.212235608160679i,0.11745782008218889+0.212235608142992j
0.380748608149608+0.0620138241726544i,0.38074860818198875+0.06201382420079974j
0.245736050713349-0.0700164790060322i,0.24573605072566165-0.07001647901835915j
0.159216037024439+0i,0.159216037
0.122963850630109+0i,0.122963851
0.242570181319619+0i,0.242570181
0.385765754048205+0i,0.385765754
0.255516171606801+0i,0.255516172
4+0i,4
6+0i,6
8+0i,8
12+0i,12
13+0i,13
14+0i,14
0.123527957053263-0.0755617786114419i,0.12352795704215398-0.07556177864221136j
0.199838893981893+0.102243415879845i,0.19983889401893218+0.10224341584925944j
-0.0687823788540815-0.104932146134212i,-0.0687823788635903-0.10493214612751549j
0.219059047794134-0.119660124756i,0.21905904782727278-0.11966012476790183j
0.133548458185385-0.0203459163889514i,0.13354845815864383-0.020345916399038304j
0.337493987170609+0.320544267088564i,0.3374939871696061+0.3205442671620907j
0.144805865076928+0i,0.144805865
0.224475610342605+0i,0.22447561
0.125466214309502+0i,0.125466214
0.249610520365417+0i,0.24961052
0.135089403719906+0i,0.135089404
0.465457644195108+0i,0.465457644
5+0i,5
7+0i,7
1.04334862107166+8.05440873690654e-18i,1.0433486210583907-1.0188735358507793e-17j
-0.117614564892829+5.46263353145134e-18i,-0.11761456489747302+1.2486447192877371e-17j
1.04334862107166+0i,1.043348621
0.117614564892829+0i,0.117614565
4+0i,4
6+0i,6
11+0i,11
12+0i,12
14+0i,14
0.269371406982609-0.196607352520567i,0.26937140702693985-0.19660735249745456j
0.194118849339454+0.248391449943216i,0.19411884931942755+0.24839144999354443j
0.109454067675295+0.04350602534436i,0.1094540676507403+0.04350602534381764j
0.228986854416593-0.15169313066927i,0.22898685439576172-0.15169313072232218j
0.111527794383356+0.0604930092740649i,0.1115277943997032+0.06049300925974235j
0.33348973892001+0i,0.333489739
0.315246633723133+0i,0.315246634
0.117783560703233+0i,0.117783561
0.274673961976468+0i,0.274673962
0.126877315116014+0i,0.126877315
7+0i,7
1.07224708100986+5.17703532386356e-17i,1.0722470810074454-7.813737324593817e-17j
1.07224708100986+0i,1.072247081
-664.298619111749+0i,-664.2986191
-717.848443669835+0i,-717.8484437
-628.318530717967+0i,-628.3185307
-573.38704452182+0i,-573.3870445
-266.741644511449+0i,-266.7416445
-105.196968653567+0i,-105.1969687
-18.1676022607922+0i,-18.16760226
-31.7743982601429+0i,-31.77439826
-0.636295839623702+0i,-0.636295837
-6.32814435481544+0i,-6.328144355
-0.653830817515252+0i,-0.653830818
-3.12949961222755+0i,-3.129499613
-6.19133807833513+0i,-6.191338078
6821.59949742412+0i,6821.599497
6395.23586190833+0i,6395.235862
0+0i,0
0+0i,0
331.271802899153+0i,331.2718029
0+0i,0
26.5355553848356+0i,26.53555538
0+0i,0
6.90762742739142+0i,6.907627427
4.50510432938877+0i,4.505104327
0+0i,0
3.43263200805631+0i,3.432632008
0+0i,0
1085.69127980824+0i,1085.69128
1017.83339966127+0i,1017.8334
0+0i,0
0+0i,0
52.7235449383643+0i,52.72354494
0+0i,0
4.22326480718535+0i,4.223264806
0+0i,0
1.0993830501065+0i,1.09938305
0.717009623166921+0i,0.717009623
0+0i,0
0.54632035189762+0i,0.546320352
0+0i,0
0.0969231648642247+0i,0.096923165
0.111546859667553+0i,0.11154686
1+0i,1
1+0i,1
0.627163838172923+0i,0.627163838
1+0i,1
0.564931612343148+0i,0.564931612
1+0i,1
0.091726626432468+0i,0.091726626
0.814645706294904+0i,0.814645706
1+0i,1
0.67372410364226+0i,0.673724104
1+0i,1
15+0i,15
16+0i,16
17+0i,17
18+0i,18
0.208496893533733+0.0353946589632979i,0.20849689353373715+0.03539465896332559j
0.208496774492491+0.0354549518352806i,0.2084967744924886+0.035454951835248084j
0.257618570309335-0.0254862877747689i,0.2576185703093426-0.02548628777473699j
0.257648486474674-0.0254175985899994i,0.2576484864746603-0.025417598590031815j
0.211479872556101+0i,0.211479873
0.211489854563794+0i,0.211489855
0.258876183981385+0i,0.258876184
0.258899202201885+0i,0.258899202
15+0i,15
16+0i,16
17+0i,17
18+0i,18
0.22609164798446+0.0361442910976751i,0.22609164798445622+0.036144291097645345j
0.226090248678448+0.0360771884333797i,0.22609024867845323+0.03607718843341204j
0.244894851061157-0.0268859509624994i,0.2448948510611484-0.026885950962536136j
0.24486261271875-0.0269584618050926i,0.24486261271876403-0.02695846180506021j
0.228962536383756+0i,0.228962536
0.228950571243533+0i,0.228950571
0.246366276984948+0i,0.246366277
0.246342155893687+0i,0.246342156
3+0i,3
0.999999999999843+3.71365750331954e-31i,0.9999999999999671-2.6644921950901903e-30j
0.999999999999843+0i,1
1+0i,1
2+0i,2
1.22468859139825-7.53255402427328e-32i,1.2246885913984091+2.365052030525086e-31j
-0.224688591398408-1.10935388130985e-33i,-0.2246885913984394+1.333371745866221e-32j
1.22468859139825+0i,1.224688591
0.224688591398408+0i,0.224688591
19+0i,19
20+0i,20
0.435138627100997+0.00386008422268801i,0.4351386271011901+0.0038600842237942364j
0.436522741148158+0.00361912026889944i,0.43652274114854966+0.003619120270814074j
0.435155748032296+0i,0.435155748
0.436537743581265+0i,0.436537744
1+0i,1
2+0i,2
-0.224688591398438+3.51010049841589e-32i,-0.22468859139844224-2.4849186551832577e-31j
1.22468859139844+6.63403805593499e-33i,1.2246885913984422-4.328316552038533e-32j
0.224688591398438+0i,0.224688591
1.22468859139844+0i,1.224688591
8+0i,8
9+0i,9
13+0i,13
0.366217134467171-0.315666901012612i,0.3662171343565763-0.31566690098952127j
0.520338460550779+0.179502724447188i,0.5203384605096166+0.17950272445928636j
0.127378048809683+0.0794497410548273i,0.12737804895565338+0.07944974105214962j
0.483487933636665+0i,0.483487934
0.55043014235443+0i,0.550430142
0.150124710398525+0i,0.150124711
10+0i,10
1.02325832416308+1.78780789271999e-18i,1.0232583241566164+3.910566948841344e-18j
1.02325832416308+0i,1.023258324
4+0i,4
6+0i,6
8+0i,8
11+0i,11
13+0i,13
0.116309020678237-0.104706231446901i,0.11630902042855257-0.10470623145404322j
0.119648656409788+0.0193161927205091i,0.11964865627226107+0.01931619254111989j
0.115769180386626+0.211958698280667i,0.11576918053914566+0.21195869814551857j
0.396204465763407+0.0686740060815346i,0.3962044659274358+0.0686740062714138j
0.258964335881916-0.0687134145154406i,0.2589643359030482-0.06871341462133479j
0.156496591640018+0i,0.156496591
0.121197839427456+0i,0.121197839
0.241513960060751+0i,0.24151396
0.402112046328076+0i,0.402112047
0.26792547581955+0i,0.267925476
4+0i,4
6+0i,6
8+0i,8
12+0i,12
13+0i,13
14+0i,14
0.124283727126909-0.0726800132257203i,0.1242837270362389-0.07268001348243773j
0.195907842331424+0.106191831122795i,0.19590784264099606+0.1061918308658981j
-0.0685741419980403-0.105111638166359i,-0.06857414207406923-0.10511163811337032j
0.229643808783912-0.124707089613556i,0.22964380898992506-0.12470708968884966j
0.122547031771689-0.0372341096117167i,0.12254703161980723-0.03723410960048138j
0.349805231934844+0.332978499035594i,0.34980523186056844+0.3329784995432573j
0.143975099065938+0i,0.143975099
0.222837581399921+0i,0.222837582
0.125502467819494+0i,0.125502468
0.26131998988341+0i,0.26131999
0.128078702033667+0i,0.128078702
0.48294759664894+0i,0.482947597
5+0i,5
7+0i,7
1.03834073912316-4.06604431189511e-18i,1.0383407390444943+1.5137649958834346e-17j
-0.119285628370104+1.22450154438541e-17i,-0.11928562840218-1.8376644246012145e-17j
1.03834073912316+0i,1.038340739
0.119285628370104+0i,0.119285628
4+0i,4
6+0i,6
11+0i,11
12+0i,12
14+0i,14
0.272240074828133-0.203138121368642i,0.2722400751637321-0.20313812115959537j
0.199405267043154+0.252081728148915i,0.19940526686321391+0.2520817285294462j
0.102314744276298+0.0492093996123915i,0.10231474412734709+0.049209399564519855j
0.231434914707577-0.154133825924017i,0.23143491452015022-0.15413382631243072j
0.112192298325989+0.0616603342588345i,0.11219229844253492+0.061660334141930465j
0.339675955427535+0i,0.339675956
0.321415087062034+0i,0.321415087
0.113533571715754+0i,0.113533572
0.278063582728264+0i,0.278063583
0.128019954009439+0i,0.128019954
7+0i,7
1.06914979776211-7.5941763991522e-17i,1.0691497977589366+6.431336352211575e-17j
1.06914979776211+0i,1.069149798
1+0i,1
1+0i,1
1+0i,1
1+0i,1
1+0i,1
1+0i,1
1+0i,1
1+0i,1
1+0i,1
1+0i,1